time,q_base,q_shoulder_lift,q_elbow,q_wrist_1,q_wrist_2,q_wrist_3,qd_base,qd_shoulder_lift,qd_elbow,qd_wrist_1,qd_wrist_2,qd_wrist_3,qdd_base,qdd_shoulder_lift,qdd_elbow,qdd_wrist_1,qdd_wrist_2,qdd_wrist_3
0.0,-1.5707963267948966,-1.5707963267948966,-1.5707963267948966,-1.5707963267948966,1.5707963267948966,0.0,0.0,0.0,0.0,0.0,0.0,0.0,0.0,0.0,0.0,0.0,0.0,0.0
0.01995205166140527,-1.5707943286336314,-1.5707959404968133,-1.5707959459230065,-1.5707964197799782,1.5707961585998416,9.19393368783614e-08,0.00029959720437782903,5.792016283064292e-05,5.7106578663575605e-05,-1.3941852944658817e-05,-2.5218569253209422e-05,1.3785057683477894e-05,0.029862048260563774,0.005773133635543253,0.005692040456748584,-0.0013896400880631665,-0.0025136353780924646,0.0013740116790259861
0.03990410332281054,-1.570780476438664,-1.5707932624965637,-1.5707933055396852,-1.5707970643963578,1.5707949925925058,7.293061209435388e-07,0.0011848859526710242,0.00022907018594171474,0.00022585251756301422,-5.5139051589741324e-05,-9.973767451082577e-05,5.4518937317298514e-05,0.058711823698735566,0.011350567825813855,0.01119113038953959,-0.002732173732463175,-0.004942062777266541,0.002701446690966346
0.05985615498421581,-1.5707432851838437,-1.5707860724310236,-1.5707862164704685,-1.570798795103447,1.5707918620217876,2.4405490348501026e-06,0.0026357840804570555,0.0005095676491492212,0.0005024099315058899,-0.0001226570659092721,-0.00022186690128685389,0.00012127761894757552,0.0865608294147698,0.016734526428144447,0.01649946241796344,-0.004028136233696197,-0.007286250470009936,0.003982834316128869
0.07980820664562108,-1.5706716682338,-1.5707722269566757,-1.5707725654786315,-1.570802127821414,1.5707858336710954,5.735786016504268e-06,0.004632438933763939,0.0008955745027855572,0.000882994682559119,-0.0002155720462204298,-0.0003899351541179959,0.00021314764284846718,0.11342056850892096,0.021927233299867677,0.02161922916161057,-0.005278062892258406,-0.009547166728810362,0.00521870383482135
0.09976025830702634,-1.570554932764738,-1.5707496588643257,-1.5707503143923416,-1.570807560144277,1.5707760074728938,1.1107014957279377e-05,0.007155227369070224,0.001383297067699505,0.0013638663800489594,-0.0003329708231835469,-0.0006022906565636509,0.0003292261095221758,0.1393025440814435,0.02693091229831618,0.026552623240071394,-0.006482489008645972,-0.011725779826155523,0.006409584527351576
0.11971230996843162,-1.5703827751852333,-1.570716376193821,-1.5707174992318098,-1.5708155715530008,1.570761516123249,1.9028324400231424e-05,0.010184755753305016,0.0019689860352562366,0.0019413283805610117,-0.0004739509078021101,-0.0008573009512059148,0.0004686206796989485,0.16421825923259184,0.03174778728082261,0.03130183727293635,-0.007641949883355071,-0.013823058034533136,0.007556005674027341
0.1396643616298369,-1.5701452765570287,-1.5706704613487668,-1.5706722293364441,-1.5708266236285897,1.5707415246963754,2.995610423831455e-05,0.013701859963847962,0.0026489364673373127,0.0026117277879402186,-0.0006376204914227602,-0.0011533528996495817,0.0006304495743370769,0.1881792170626205,0.0363800821047196,0.035869063879795875,-0.008756980816881872,-0.015839969626430906,0.008658496555156436
0.15961641329124215,-1.5698328980158296,-1.570610070211244,-1.5706126864920011,-1.570841160265183,1.5707152302591798,4.4329256412596486e-05,0.01768760538852924,0.0034194877963406793,0.003371455453290863,-0.0008230984457352915,-0.0014888526825221407,0.0008138415746228961,0.2111969206717839,0.040830020627339814,0.040256495680240374,-0.00982811710972255,-0.017777482874336538,0.009717586451046652
0.17956846495264742,-1.5694364761920987,-1.5705334312565253,-1.5705371240577393,-1.5708596078831507,1.5706818614858096,6.25694056104741e-05,0.022123286925629572,0.004277023825180675,0.0042169459749765706,-0.0010295143227726526,-0.0018622257994737796,0.0010179360219707866,0.23328287316033638,0.04509982670601586,0.04446632529386027,-0.010855894062373273,-0.01963656605073774,0.010733804642005778
0.19952051661405268,-1.5689472186318532,-1.5704388446677942,-1.5704438660935707,-1.5708823756421861,1.5706406782721969,8.508110996388897e-05,0.026990428983880252,0.005217972727288025,0.005144677698620313,-0.0012560083549109462,-0.002271917069177384,0.0012418828180231734,0.2544485776285326,0.04919172419808042,0.04850074534024602,-0.011840846975330216,-0.02141818742812223,0.011707680408341607
0.21947256827545797,-1.5683566992174587,-1.5703246814508596,-1.5703313064872135,-1.5709098556544032,1.5705909713506045,0.00011225207174754277,0.03227078548246309,0.006238807046609845,0.0061511727171043975,-0.0015017314548694295,-0.002716390629328535,0.0014848424246505256,0.27470553717662693,0.05310793696086612,0.05236194843898803,-0.012783511149089552,-0.023123315278977714,0.012639743030361932
0.23942461993686323,-1.5676568535884268,-1.5701893825488753,-1.5701979080813449,-1.5709424231974287,1.5705320619041732,0.00014445334807711263,0.03794633985101041,0.007336043697609634,0.007232996870570475,-0.0017658452157105118,-0.0031941299366455094,0.0017459858639513554,0.2940652549048738,0.0568506888517056,0.05605212720967673,-0.013684421884147452,-0.024752917875791893,0.013530521788374541
0.2593766715982685,-1.5668399745622084,-1.5700314579570562,-1.5700422018007532,-1.5709804369274993,1.5704633011814655,0.00018203956160746712,0.043999305029605175,0.008506243965267286,0.008386759746419545,-0.0020475219108397596,-0.003703637766869286,0.0020244947182522224,0.3125392339135276,0.06042220372793151,0.05957347427190254,-0.014544114481000089,-0.026307963491052484,0.014380545962687227
0.2793287232596738,-1.5658987075549917,-1.5698494858373955,-1.56986278577949,-1.5710242390925546,1.5703840701110137,0.0002253491112308813,0.050412123468780795,0.009746013505079082,0.009609114679311942,-0.0023459444940058904,-0.004243436214763537,0.002319561130107728,0.330138977302843,0.0638247054468765,0.06292818224525591,-0.015363124240143636,-0.0277894203972472,0.015190344833607781
0.299280774921079,-1.5648260460024959,-1.5696421116333812,-1.569658324488023,-1.571074155745333,1.5702937789158637,0.00027470438277525194,0.05716746712952125,0.011052002343057683,0.010896758751167338,-0.002660306599300776,-0.00481206669411463,0.002630387802300518,0.3468759881730742,0.06706041786587319,0.06611844374932724,-0.01614198646207426,-0.029198256866863736,0.015960447681443994
0.3192328265824843,-1.5636153267807684,-1.569408047184715,-1.5694275478603883,-1.5711304969564657,1.5701918667281223,0.0003304119597023145,0.06424823748326108,0.01242090487573215,0.012246432791164762,-0.002989812541159445,-0.005408089937731634,0.002956187997841285,0.3627617696244758,0.07013156484225426,0.069146451403707,-0.01688123644728814,-0.030535441172389814,0.01669138378650366
0.3391848782438896,-1.5622602256269789,-1.5691460698420276,-1.5691692504213428,-1.5711935570275717,1.5700778012035026,0.00039276283380585623,0.07163756551188538,0.013849459870147931,0.013654921375742573,-0.0033336773143600768,-0.006030085997446314,0.0032961855399687647,0.37780782475730224,0.07304037023335232,0.07201439782798555,-0.01758140949628145,-0.03180194158631314,0.017383682429094563
0.35913692990529483,-1.5607547525602163,-1.568855021581597,-1.5688822904135167,-1.5712636147043533,1.5699510781358699,0.00046203261590993376,0.07931881170772971,0.015334450463866849,0.015119052828598468,-0.003691126594024005,-0.006676654244113128,0.003649614812149734,0.3920256566718079,0.07578905789650003,0.07472447564175336,-0.01824304090955035,-0.03299872638112141,0.018037872889524503
0.3790889815667001,-1.559093247302284,-1.5685338081200653,-1.5685655889245655,-1.5713409333896893,1.569811221071787,0.0005384817465670881,0.08727556607358032,0.016872704164967143,0.01663569922068951,-0.004061396735615722,-0.007346413367609239,0.004015720758079022,0.40542676846824743,0.07837985168903003,0.07727887746460085,-0.018866665987591024,-0.03412676382930235,0.018654484448101263
0.39904103322810536,-1.557270374698495,-1.568181398029156,-1.5682181290143231,-1.5714257613567315,1.569657780925061,0.000622355706756559,0.09549164812267383,0.018461092852043403,0.01820177637023207,-0.0044437347749428655,-0.008038001376834495,0.004393758881679493,0.418022663246875,0.08081497546827497,0.07967979591611846,-0.01945282003089964,-0.03518702220334366,0.01923404638513264
0.41899308488951065,-1.5552811201384682,-1.5677968218503908,-1.567838954841954,-1.5715183319619979,1.5694903355912886,0.0007138852285825023,0.10395110687869757,0.02009653277420665,0.019814243842701893,-0.004837398428156238,-0.00875007559971146,0.004782995247102064,0.4298248441079453,0.0830966530915675,0.0819294236158966,-0.020002038339972373,-0.03618046977573306,0.019777087980926422
0.43894513655091594,-1.5531207849769235,-1.5673791712098073,-1.5674271707931053,-1.5716188638584687,1.569308489562402,0.0008132865059722037,0.11263822087578926,0.021775984551084256,0.021470104950834037,-0.005241656091749785,-0.009481312683185373,0.00518270647872569,0.44084481415171267,0.08522710841624023,0.0840299531835257,-0.020514856215305386,-0.037108074818958246,0.020284138515790407
0.45889718821232117,-1.550784981954478,-1.5669275979326758,-1.5669819406070598,-1.57172756120868,1.5691118735412155,0.0009207614053742951,0.12153749815853726,0.023496453172820002,0.02316640675462293,-0.005655786842560614,-0.010230408593224185,0.005592179761157373,0.4510940764784316,0.08720856529962584,0.08598357723859619,-0.020991808957394862,-0.037970805605506926,0.020755727270032373
0.47884923987372646,-1.5482696306184407,-1.5664413131582162,-1.5665024865038875,-1.57184461389782,1.5689001440559698,0.0010364976764569702,0.13063367628198042,0.025254988000074037,0.024900240061322312,-0.00607908043776898,-0.010996078614818536,0.006010712839232159,0.46058413418835653,0.08904324759905695,0.08779248840069849,-0.02143343186673697,-0.03876963040786682,0.021192383523960127
0.49880129153513175,-1.54557095274361,-1.5659195864543165,-1.5659880883115986,-1.5719701977468215,1.568672983074879,0.0011606691628062006,0.13991172231160823,0.027048682764022954,0.026668739425445304,-0.006510837314898301,-0.011777057351981776,0.006437614018013143,0.4693264903817419,0.09073337917186623,0.08945887928942305,-0.02184026024382789,-0.03950551749852563,0.021594636557881446
0.518753343196537,-1.5426854677530666,-1.5653617449322477,-1.565438082593297,-1.5721044747254593,1.5684300976206764,0.0012934360126239483,0.14935683282336057,0.02887467556635965,0.028469083148764323,-0.0069503685918151405,-0.012572098727749934,0.006872202162791456,0.47733264815884213,0.0922811838753863,0.09098494252436025,-0.022212829389163774,-0.04017943514997107,0.021963015652104127
0.5387053948579422,-1.539609988138972,-1.5647671723613834,-1.56485186177433,-1.572247593165443,1.5681712193851605,0.0014349448894263853,0.158954433903628,0.030730148879293484,0.030298493280311166,-0.00739699606672922,-0.013379975984181747,0.0073138066990862775,0.48461411061991183,0.09368888556694979,0.09237287072510056,-0.022551674603240805,-0.04079235163469083,0.022298050086935958
0.5586574465193476,-1.5363416148833615,-1.5641353082839151,-1.564228873269444,-1.5723996879735123,1.5678961043437396,0.001585329182742109,0.1686901811492516,0.03261232954555017,0.03215423561637696,-0.007850052218193416,-0.014199481682358652,0.007761767612644836,0.4911823808652054,0.09495870810388943,0.09362485651123441,-0.022857331186555165,-0.04134523522517266,0.02260026914268475
0.5786094981807528,-1.532877732878942,-1.5634656471295705,-1.5635686186099336,-1.5725608808445324,1.5676045323699797,0.00174470921881035,0.17854995966752288,0.03451848877837179,0.034033619700512156,-0.008308880205103751,-0.015029427702384768,0.008215435449442393,0.49704896199497717,0.09609287534353773,0.0947430925023522,-0.023130334439603016,-0.04183905419390423,0.022870202099658267
0.598561549842158,-1.5292160063498865,-1.5627577373303296,-1.562870652570797,-1.5727312804745879,1.5672963068501486,0.001913192471279198,0.18851988407618403,0.03644594216151688,0.035933998823526575,-0.008772833866699416,-0.015868645243386933,0.00867417131568227,0.5022253571094816,0.09709361114322744,0.09572977131804436,-0.023371219662880523,-0.04227477681337326,0.023108378238164307
0.6185136015035634,-1.5253543742726299,-1.5620111804351438,-1.5621345822978865,-1.572910982774078,1.5669712542977627,0.002090873771903814,0.19858629850342774,0.038392049649260296,0.03785277002348937,-0.009241277722562745,-0.016715984823514666,0.009137346877795818,0.5067230693089733,0.09796313936029115,0.09658708557790133,-0.023580522156883874,-0.04265337135606746,0.02331532683851067
0.6384656531649686,-1.5212910457966646,-1.56122563022465,-1.5613600664350613,-1.573100071080811,1.5666292239681323,0.002277835521244641,0.20873577658789713,0.04035421556639331,0.039787374085729015,-0.009713586972619223,-0.017570316279940178,0.009604344362442438,0.5105536016937068,0.09870368385206153,0.09731722790151354,-0.02375877722210924,-0.04297580609447455,0.023491577181005148
0.6584177048263739,-1.5170244956653365,-1.5604007918258913,-1.560546814251341,-1.5732986163730993,1.5662700874729083,0.0024741478993656235,0.21895512147868612,0.042329888608223606,0.04173529554283337,-0.010189147497137502,-0.018430528768858406,0.01007455655650958,0.5137284573639361,0.09931746847587121,0.09792239090847141,-0.02390652015905277,-0.04324304930108222,0.023637658545955523
0.6783697564877792,-1.51255345963664,-1.559536420827031,-1.5596945847680563,-1.5735066774828546,1.5658937383946268,0.002679869076532426,0.22923136583533893,0.04431656184057521,0.043694062674649585,-0.010667355856729378,-0.019295530765486943,0.010547386807112733,0.5162591394199161,0.09980671708905287,0.09840476721836534,-0.024024286268210675,-0.04345606924837819,0.023754100213669586
0.6983218081491844,-1.507876929904014,-1.5586323223920722,-1.558803185886003,-1.5737243013086808,1.5655000919012565,0.0028950454239106403,0.23955177182785037,0.046311772699788555,0.045661247508284195,-0.0111476192923498,-0.02016425006406611,0.011022249021595432,0.5181571509619012,0.10017365354893908,0.09876654945078582,-0.024112610850079097,-0.04361583420885018,0.02384143146445514
0.7182738598105897,-1.5029941505171382,-1.5576883503755734,-1.5578724735125928,-1.5739515230289716,1.5650890843607428,0.0031197117242640097,0.24990383113666595,0.048313102992720486,0.04763446581810305,-0.01162935572529688,-0.02103563377785892,0.011498567667529254,0.5194339950901455,0.10042050171286254,0.09900993022532321,-0.024172029205154214,-0.04372331245498587,0.02390018157861996
0.738225911471995,-1.4979046128027276,-1.5567044064373663,-1.5569023506890076,-1.574188366315003,1.5646606729555557,0.0033538913826526412,0.2602752649526816,0.050318178896744246,0.04961137712573138,-0.012111993757211883,-0.021908648339151085,0.011975777772713834,0.5201011749049038,0.10054948543815588,0.09913710216156799,-0.024203076633932206,-0.043779472259272985,0.023930879836471852
0.7581779631334002,-1.492608050785328,-1.555680439157273,-1.5558927667173506,-1.5744348435440283,1.5642148352972334,0.003597596637131214,0.2706540239772437,0.052324670959749374,0.05158968470005369,-0.012594972670079214,-0.022782279499250994,0.012453324925176826,0.5201701935064306,0.10056282858215174,0.09915025787911054,-0.024206288436909237,-0.043785281894199245,0.0239340555183186
0.7781300147948055,-1.4871044366081136,-1.5546164431498224,-1.5548437162877988,-1.5746909560123747,1.56375156904093,0.0038508287694472084,0.2810282884221493,0.054330294100141896,0.0535671355572139,-0.013077742426226445,-0.023655532328489746,0.012930665273173946,0.5196525539949801,0.10046275500218275,0.09905158999754131,-0.02418219991458149,-0.04374170963225234,0.02391023790446799
0.7980820664562107,-1.4813939759536803,-1.5535124581789692,-1.5537552386057563,-1.5749566941485356,1.563270891499961,0.00411357831573911,0.29138646800964596,0.05633280760684419,0.05554152046061522,-0.013559763668324298,-0.024527431216221144,0.013407265525188955,0.518559759470807,0.10025148855558161,0.09884329113645077,-0.024131346367445128,-0.04364972374591999,0.023859956275227828
0.8180341181176161,-1.475477103464842,-1.552368568272809,-1.552627416519005,-1.5752320377262667,1.562772839260348,0.004385825277234634,0.30171720197243196,0.05833001513929504,0.05751067392092023,-0.014040507719386655,-0.02539701987082169,0.013882602949933653,0.5169033130341655,0.0999312530996809,0.09852755391542925,-0.024054263095996318,-0.04351029250768989,0.02378373991090589
0.8379861697790213,-1.4693544781654277,-1.551184900838296,-1.5514603756448597,-1.5755169560776812,1.562257467795366,0.00466753933094893,0.3120093590536558,0.060319764727449585,0.05947247419605083,-0.014519456582770542,-0.02626336131969056,0.01435616537634789,0.5146947177853102,0.09950427249181329,0.09810657095406727,-0.023951485400731245,-0.04332438419004977,0.02368211809180998
0.8579382214404265,-1.4630269788810748,-1.5499616257759619,-1.5502542834973179,-1.575811408306343,1.5617248510800883,0.004958680040382809,0.3222520375069166,0.06229994877177937,0.061424843291188275,-0.014996102942176143,-0.02712553790924965,0.014827451193599545,0.5119454768244956,0.09897277058931142,0.09758253487195521,-0.023823548582146078,-0.043092967065487334,0.02355562009824788
0.8778902731018319,-1.456495699660027,-1.54869895459463,-1.5490093486142134,-1.5761153435003628,1.561175081205933,0.005259197066220952,0.33243456509626423,0.06426850404327233,0.06336574695877316,-0.015469950161646798,-0.02798265130494355,0.015295969351084562,0.5086670932519762,0.09833897124950794,0.0969576382886835,-0.02367098794073699,-0.04281700940649028,0.02340477521052739
0.8978423247632371,-1.4497619451939276,-1.5473971395261348,-1.5477258196843688,-1.5764287009454923,1.5606082679952087,0.005569030377030123,0.34254649909619905,0.0662234116834328,0.06529319469850546,-0.015940512285569006,-0.028833822491239537,0.01576123935842692,0.504871070168006,0.09760509832973549,0.09623407382384257,-0.02349433877700014,-0.042497479485546316,0.023230112708956283
0.9177943764246423,-1.4428272262386177,-1.5460564726400388,-1.5464039846747477,-1.5767514103382192,1.56002453861566,0.005888110459957395,0.3525776262916717,0.06816269720428149,0.06720523975734442,-0.016407314038672405,-0.02967819177162759,0.016222791285478638,0.5005689106728402,0.09677337568732673,0.09541403409702288,-0.023294136391431724,-0.04213534557514316,0.02303216187384237
0.9377464280860477,-1.4356932550349293,-1.5446772849583486,-1.5450441699576072,-1.5770833919988618,1.5594240371950134,0.006216358531428358,0.36251796297808375,0.07008443048835548,0.06909997912950867,-0.016869890826029802,-0.03051491876862039,0.01668016576231979,0.4957721178667326,0.09584602717961424,0.0944997117278148,-0.02307091608452789,-0.041731575947768516,0.022811451985493437
0.9576984797474529,-1.428361940729483,-1.5432599455702327,-1.5436467394376503,-1.577424557084664,1.5588069244355238,0.006553686747845327,0.3723577549612867,0.07198672578870827,0.07097555355647614,-0.017327788733057133,-0.031343182423753294,0.017132913979258473,0.49049219484993817,0.09482527666393081,0.09349329933580881,-0.022825213156784832,-0.04128713887591013,0.022568512324217273
0.9776505314088582,-1.4208353847954824,-1.5418048607467392,-1.5422120936791779,-1.577774807802889,1.55817337722852,0.0068999984162855825,0.3820874775575836,0.07386774172890975,0.07283014752698423,-0.01778056452551354,-0.0321621809975844,0.01758059768683087,0.48474064472271083,0.09371334799760887,0.09239698954059526,-0.022557562908698696,-0.04080300263205562,0.022303872170321655
0.9976025830702635,-1.4131158764535101,-1.540312473055512,-1.5407406690332424,-1.5781340376239161,1.55752358826895,0.007255188205199554,0.391697835593727,0.07572568130304619,0.07466198927702948,-0.01822778564950126,-0.03297113206969446,0.01802278919580116,0.4785289705853055,0.09251246503798126,0.09121297496176467,-0.022268500640765687,-0.04028013548869279,0.022018060804114413
1.0175546347316686,-1.4052058880923235,-1.5387832604755087,-1.5392329367647983,-1.5785021314943335,1.5568577656699276,0.007619142355109052,0.40117976340692074,0.07755879187572022,0.07646935078986797,-0.018669030231465728,-0.033769272538686945,0.018459071377161598,0.47186867553797623,0.0912248516423805,0.08994344821890743,-0.021958561653481947,-0.03971950571830931,0.021711607505903296
1.037506686393074,-1.3971080706896501,-1.5372177355117171,-1.5376894021798566,-1.5788789660500337,1.5561761325772783,0.0079917388893055,0.4105244248448186,0.07936536518205087,0.07825054779601495,-0.019103887078195495,-0.03455585862218801,0.018889037662132468,0.46477126268097796,0.08985273166813927,0.08859060193161394,-0.021628281247343666,-0.039122081593392866,0.02138504155599612
1.0574587380544793,-1.3888252492329836,-1.5356164443098732,-1.5361106037526358,-1.579264409829309,1.5554789267840845,0.008372847824548113,0.41972321326552553,0.0811437373276736,0.08000393977324517,-0.019531955676822296,-0.03533016585684652,0.01931229204216211,0.4572482351145648,0.08839832897259028,0.08715662871947466,-0.02127819472284702,-0.038488831386431215,0.021038892234700672
1.0774107897158844,-1.3803604181403788,-1.5339799657711775,-1.5344971122527147,-1.5796583234859454,1.5547664003452317,0.008762331381762134,0.42876775153759655,0.08289228878874026,0.08172792994659263,-0.019952846194821017,-0.03609148909833403,0.019728449068926908,0.44931109593899105,0.08686386741306605,0.08564372120207998,-0.02090883738048816,-0.03782072336991201,0.020673688822324728
1.0973628413772898,-1.371716736681248,-1.5323089106670127,-1.5328495298721854,-1.5800605600023172,1.5540388191919547,0.00916004419673707,0.43764989204003735,0.084609444411919,0.08342096528835065,-0.020366179480009683,-0.0368391425213448,0.020137133854331277,0.4409713482545116,0.08525157084689933,0.08405407199902043,-0.020520744520763277,-0.037118725816323035,0.020289960599176097
1.1173148930386951,-1.3628975243971562,-1.5306039207536608,-1.5311684893528048,-1.5804709649024826,1.553296462746383,0.009565833530824856,0.44636171666230406,0.08629367341439444,0.08508153651807193,-0.020771587060549476,-0.03757245961959576,0.020537982070507683,0.43224049516138074,0.0835636631314227,0.0823898737298863,-0.020114451444168537,-0.03638380699815193,0.019888236845562575
1.1372669447001003,-1.353906256522617,-1.5288656678870205,-1.5294546531131479,-1.580889376465278,1.552539623536087,0.009979539481638112,0.4548955368043039,0.08794348938386756,0.08670817810256859,-0.021168711144944743,-0.03829079320582659,0.020930639949816646,0.4231300397598527,0.08180236812396877,0.08065331901426806,-0.019690493451200112,-0.035616935187886424,0.019469046841791928
1.1572189963615056,-1.344746559405888,-1.5270948531373232,-1.5277087123757591,-1.5813156259374126,1.5517686068086234,0.010400995193748359,0.4632438933763936,0.08955745027855569,0.0882994682559119,-0.021557204622042973,-0.03899351541179958,0.02131476428484671,0.41365148515018235,0.07996990968187036,0.07884660047175622,-0.019249405842354194,-0.03481907865801426,0.019032919868171974
1.177171048022911,-1.3354222059297662,-1.5252922059038518,-1.5259313862943062,-1.5817495377465633,1.5509837301460814,0.0108300270693842,0.4713995567993817,0.09113415842719272,0.08985402893943269,-0.02193673106103483,-0.03968001768829985,0.021690022428414498,0.4038163344326236,0.07806851166245987,0.07697191072194107,-0.018791723918126908,-0.03399120568102309,0.018580385205010482
1.197123099684316,-1.3259371109323848,-1.523458483029657,-1.524123421080731,-1.5821909297144698,1.5501853230796288,0.01126645497912957,0.4793555270045265,0.09267226052902869,0.09137052586172098,-0.02230696471145411,-0.04034971080513508,0.022056092293564637,0.39363609070743133,0.07610039792307015,0.07503144238441316,-0.018317982979014456,-0.03313428452940064,0.018111972132615256
1.2170751513457214,-1.3162953266280066,-1.521594467916274,-1.5222855891324036,-1.5826396132700289,1.549373726704057,0.011710092472621945,0.4871050334335364,0.09417044765383015,0.09284766847862616,-0.022667590503177754,-0.04100202485113571,0.02241266235356981,0.3831222570748603,0.07406779232103376,0.07302738807876286,-0.01782871832551303,-0.032249283475634674,0.0176282099312941
1.2370272030071268,-1.3065010380278226,-1.5197009696384411,-1.520418688159273,-1.5830953936623888,1.548549293292328,0.012160746989250541,0.49464153503857156,0.09562745524188006,0.09428420999325705,-0.023018304046425894,-0.0416364092341549,0.022759431641930776,0.3722863366351638,0.07197291871368326,0.07096194042458057,-0.01732446525811876,-0.03133717079221281,0.01712962788135477
1.2569792546685319,-1.2965585583607449,-1.5177788220588155,-1.5185235403110209,-1.5835580701740457,1.5477123859101196,0.012618220068854536,0.5019587202822418,0.09704206310397771,0.09567894735598169,-0.023358811631761782,-0.04225233268106847,0.023096109752376293,0.3611398324885977,0.06981800095835146,0.06883729204145679,-0.016805759077327856,-0.030398914751622815,0.016616755263105083
1.2769313063299372,-1.2864723244942033,-1.5158288829426905,-1.5166009913042136,-1.5840274363339362,1.5468633780303709,0.013082307562421314,0.5090505071376076,0.0984130954214388,0.0970307212644275,-0.023688830230091835,-0.04284928323777491,0.02342241683886318,0.34969424773541574,0.06760526291237093,0.06665563554898193,-0.01627313508363647,-0.029435483626352437,0.016090121356852834
1.2968833579913426,-1.2762468923549428,-1.5138520330727139,-1.5146519095494542,-1.5845032801305337,1.5460026531478293,0.013552799842784619,0.5159110430881807,0.09973942074609553,0.09833841616348139,-0.024008087492665656,-0.04342676826919553,0.023738083615576343,0.33796108547587167,0.0653369284330742,0.06441916356674626,-0.01572712857754075,-0.028447845688889247,0.015550255442905775
1.3168354096527477,-1.2658869323498159,-1.5118491753636039,-1.5126771852785355,-1.5849853842249426,1.5451306043935948,0.014029482015322836,0.5225347051279218,0.10101995200029619,0.09960096024528926,-0.024316321751075926,-0.043984314459274164,0.02404285135692864,0.3259518488102214,0.06301522137779414,0.06213006871434048,-0.015168274859536923,-0.02743696921172112,0.014997686801571763
1.336787461314153,-1.2553972247865803,-1.5098212339768673,-1.510677729671592,-1.5854735261639932,1.5442476341496678,0.014512134128657168,0.5289160997612438,0.10225364647690581,0.10081732544925674,-0.02461328201725855,-0.044521467810977475,0.024336471897561062,0.3136780408387184,0.06064236560386321,0.059790543611354836,-0.014597109230121141,-0.02640382246733566,0.014432944713158546
1.3567395129755584,-1.2447826552946943,-1.507769153435515,-1.508654473984253,-1.585967478593336,1.543354153663493,0.015000531385349868,0.5350500630030094,0.10343950583930556,0.10198652746204859,-0.024898727983492564,-0.04503779364629475,0.024618707632342605,0.3011511646616176,0.05822058496861412,0.057402780877379815,-0.014014166989789557,-0.025349373728220586,0.01385655845797391
1.3766915646369635,-1.2340482102461123,-1.505693897738782,-1.5066083686747933,-1.586467009470537,1.5424505826625063,0.015494444352602428,0.5409316603785319,0.10457657612139311,0.10310762571758897,-0.02517243002240016,-0.04553287660623804,0.024889331516370312,0.2883827233791734,0.055752103329379556,0.05496897313200582,-0.013419983439038352,-0.024274591266863665,0.01326905731632567
1.3966436162983689,-1.22319897217608,-1.5035964494768408,-1.5045403825312884,-1.5869718822781727,1.5415373489686812,0.015993639172953853,0.546556186923575,0.10566394772758252,0.1041797233970613,-0.02543416918694666,-0.046006320650842016,0.02514812706496926,0.27538422009164,0.053239144543492115,0.05249131299482327,-0.012815093878363716,-0.023180443355752558,0.012670970568521612
1.4165956679597742,-1.212240115203931,-1.5014778089455223,-1.5024515017987645,-1.5874818562369235,1.540614888113073,0.01649787777497879,0.5519191671843534,0.10670075543280419,0.10520196742890854,-0.02568373721044059,-0.046457749059164125,0.025394888353692607,0.2621671578992715,0.050683932468284405,0.04997199308542263,-0.012200033608261794,-0.022067898267374948,0.012062827494869498
1.4365477196211793,-1.2011769004538815,-1.4993389932610304,-1.5003427293063518,-1.58799668651867,1.5396836429503666,0.017006918083985835,0.5570163552175318,0.10768617838250494,0.10617354848883274,-0.02592093650653357,-0.046886804429284445,0.025629420018321507,0.24874303990232333,0.048088690961089135,0.04741320602339427,-0.01157533792922879,-0.02093792427421858,0.01144515737567716
1.4564997712825847,-1.1900146714758264,-1.4971810354746602,-1.498215083594437,-1.5885161244595876,1.5387440632734206,0.017520514232715678,0.5618437345902263,0.10861944009264804,0.10709370099979554,-0.026145580169220452,-0.047293148678305794,0.025851537254865213,0.23512336920104876,0.04545564387923882,0.04481714442832863,-0.010941542141760822,-0.019791489648771154,0.010818489491252347
1.47645182294399,-1.1787588496661343,-1.495004983687515,-1.4960695980418155,-1.58903991777324,1.5377966054278143,0.01803841677203936,0.5663975183800019,0.10949980844971291,0.1079617031320176,-0.026357491972839136,-0.04767646304235362,0.02606106581956095,0.22131964889570374,0.042787015080066285,0.04218600091981616,-0.01029918154635412,-0.0186295626635204,0.010183353121902891
1.4964038746053951,-1.1674149296884446,-1.4928119001652236,-1.4939073199928448,-1.5895678107636748,1.5368417319263932,0.018560372881656448,0.5706741491748757,0.11032659571069567,0.10877687680297929,-0.026556506372070774,-0.048036448076576185,0.026257842028874063,0.2073433820865416,0.04008502842090416,0.039521968117447355,-0.009648791443504844,-0.01745311159095403,0.009540277547936578
1.5163559262668005,-1.1559884748944618,-1.4906028604526573,-1.4917293098845945,-1.5900995445385186,1.5358799110638148,0.019086126580793315,0.5746702990733149,0.11109915850310868,0.10953858767742014,-0.026742468501939617,-0.048372823655144344,0.02644171275949789,0.193206071873817,0.03735190775908498,0.03682723864081253,-0.008990907133709156,-0.016263104703559694,0.008889792049661189
1.5363079779282058,-1.1444851127447508,-1.488378952488647,-1.489536640374002,-1.5906348572220714,1.5349116165310948,0.019615418938901296,0.578382869684237,0.11181689782498061,0.11024624516733894,-0.0269152341778131,-0.04868532897125169,0.02661253544835385,0.17891922135778446,0.034589876951941344,0.034104005109502095,-0.00832606391746321,-0.015060510273825156,0.008232425907384502
1.556260029589611,-1.1329105302295346,-1.4861412757207002,-1.4873303954650219,-1.5911734841684013,1.5339373270301526,0.02014798828635492,0.5818089921270104,0.11247925904485669,0.11089930243199396,-0.027074669895401776,-0.04897372253711451,0.02677017809259136,0.1644943336386988,0.03180115985680603,0.031354460143106645,-0.007654797095263202,-0.013846296574238146,0.007568708401414319
1.5762120812510163,-1.1212704692894877,-1.4838909402197191,-1.4851116696357805,-1.5917151581744389,1.532957525888357,0.02068357042515014,0.584946027031454,0.11308573190179838,0.11149725637790285,-0.027220652830759397,-0.049237782183971825,0.02691451924958795,0.14994291181681388,0.028987980331011687,0.028580796361216458,-0.006977641967605307,-0.012621431877286293,0.006899168812058439
1.5961641329124214,-1.1095707222365325,-1.4816290657947164,-1.4828815669657271,-1.5922596096930728,1.5319727006730728,0.021221898839602533,0.5877915645378367,0.11363585050538366,0.11203964765884236,-0.02735307084028283,-0.04947730506208523,0.027045448036949107,0.13527645899238464,0.026152562231890886,0.02578520638342201,-0.006295133834985693,-0.011386884455457403,0.006224336419624647
1.6161161845738268,-1.0978171271746358,-1.4793567811075337,-1.4806412002627871,-1.5928065670462441,1.5309833428062054,0.021762704907045526,0.5903434242968785,0.11412919333570685,0.11252606067584889,-0.027471822460712135,-0.04969210764073921,0.027162864132508454,0.12050647826566463,0.023297129416776214,0.02296988282931366,-0.005607807997900514,-0.010143622581239036,0.00554474050442071
1.6360682362352321,-1.0860155634206028,-1.4770752227875577,-1.4783916901905136,-1.593355756638041,1.5299899471787486,0.022305718108528612,0.5925996554697497,0.11456538324337857,0.1129561235772179,-0.02757681690913046,-0.04988202570824075,0.02726667777432757,0.10564447273690954,0.020423905743000438,0.020137018318481935,-0.004916199756845953,-0.008892614527119064,0.004860910346754463
1.6560202878966372,-1.0741719469248743,-1.474785534546438,-1.4761341643952408,-1.5939069031677935,1.5289930117653283,0.022850666239515535,0.5945585367280712,0.11494408744952593,0.1133295082585044,-0.027667974082964186,-0.05004691437191966,0.02735680976069615,0.09070194550637331,0.01753511506789618,0.017288805470517223,-0.0042208444123182105,-0.00763482856558514,0.004173375226933683
1.6759723395580426,-1.062292225692322,-1.4724888662928037,-1.4738697566332362,-1.5944597298431684,1.5279930372387498,0.023397275620582553,0.596218576253915,0.11526501754579249,0.11364593036252278,-0.02774522455998281,-0.05018664805812843,0.02743319145013191,0.07569039967431002,0.014632981248796015,0.014427436905009939,-0.0035222772648134193,-0.006371232969124954,0.003482664425266153
1.695924391219448,-1.050382375203042,-1.4701863732469818,-1.4715996058978515,-1.5950139585932637,1.5269905265845434,0.02394527130811664,0.5975785117398021,0.115527929494338,0.11390514927934633,-0.02780850959829897,-0.050301120512242156,0.02749576476138057,0.060621338340974724,0.011719728143032732,0.011555105241550493,-0.0028210336148277713,-0.005102796010226187,0.0027893072220596597
1.715876442880853,-1.038448393833155,-1.4678792150557123,-1.4693248555466778,-1.5955693102817041,1.5259859847155095,0.024494377305013647,0.598637310388706,0.11573262362783879,0.11410696814630834,-0.02785778113636847,-0.05039024479865877,0.02754448217341597,0.045506264606622014,0.008797579607938732,0.00867400309972941,-0.002117648762857427,-0.0038304859613766252,0.002093832897622015
1.7358284945422584,-1.0264962982755965,-1.4655685549068673,-1.4670466524286958,-1.5961255049197351,1.5249799180862658,0.025044316771376623,0.5993941689140492,0.11587894464948748,0.11425123384800098,-0.027893001792990292,-0.050453953300798805,0.027579306725439946,0.030356681571505336,0.0058687595008469545,0.00578632309913704,-0.0014126580093985765,-0.0025552710950639324,0.0013967707322610032
1.7557805462036638,-1.0145321189609167,-1.4632555586441676,-1.4647661460114287,-1.5966822618793175,1.5239728343077916,0.025594812235213933,0.5998485135397059,0.115966781632993,0.11433783701627591,-0.027914144867306537,-0.05049219772110551,0.02760021201688236,0.015184092335880103,0.0029354916790898114,0.0028942578593637728,-0.0007065966549473849,-0.0012781196837758381,0.0006986500062843877
1.7757325978650689,-1.0025618954780744,-1.4609413938818987,-1.4624844875080956,-1.597239300106223,1.5229652417619755,0.0261455858031375,0.6,0.11599606802258099,0.11436671203024416,-0.027921194338802482,-0.05050494908104488,0.027607182207401174,0.0,0.0,7.04182277699778e-17,0.0,3.52091138849889e-17,-1.760455694249445e-17
1.7956846495264742,-0.9905916719952317,-1.4586272291196298,-1.4602028290047624,-1.5977963383331286,1.5219576492161595,0.02669635937106109,0.5998485135397058,0.11596678163299305,0.11433783701627591,-0.027914144867306537,-0.050492197721105525,0.02760021201688236,-0.015184092335880365,-0.0029354916790898244,-0.002894257859363645,0.0007065966549473885,0.0012781196837758832,-0.0006986500062844266
1.8156367011878796,-0.9786274926805522,-1.4563142328569298,-1.4579223225874955,-1.598353095292711,1.5209505654376854,0.027246854834898384,0.59939416891405,0.11587894464948754,0.1142512338480011,-0.027893001792990313,-0.050453953300798826,0.027579306725439963,-0.030356681571506165,-0.005868759500847037,-0.005786323099136983,0.0014126580093985978,0.0025552710950640127,-0.0013967707322610598
1.8355887528492847,-0.9666753971229937,-1.4540035727080851,-1.4556441194695133,-1.598909289930742,1.5199444988084416,0.027796794301261366,0.5986373103887063,0.11573262362783884,0.1141069681463084,-0.027857781136368477,-0.05039024479865877,0.02754448217341597,-0.04550626460662228,-0.008797579607938814,-0.008674003099729283,0.0021176487628574306,0.0038304859613767055,-0.002093832897622071
1.85554080451069,-0.9547414157531064,-1.4516964145168156,-1.4533693691183398,-1.5994646416191824,1.5189399569394078,0.028345900298158377,0.5975785117398027,0.1155279294943381,0.11390514927934645,-0.02780850959829898,-0.05030112051224221,0.027495764761380607,-0.06062133834097525,-0.011719728143032826,-0.011555105241550519,0.002821033614827796,0.005102796010226312,-0.0027893072220597378
1.8754928561720954,-0.9428315652638268,-1.4493939214709934,-1.4510992183829552,-1.600018870369278,1.5179374462852013,0.028893895985692464,0.5962185762539151,0.11526501754579249,0.11364593036252275,-0.02774522455998281,-0.05018664805812843,0.027433191450131914,-0.07569039967431054,-0.01463298124879618,-0.014427436905009965,0.0035222772648134445,0.006371232969125046,-0.003482664425266213
1.8954449078335005,-0.9309518440312741,-1.4470972532173594,-1.4488348106209503,-1.6005716970446526,1.5169374717586228,0.029440505366759483,0.5945585367280709,0.11494408744952594,0.1133295082585044,-0.027667974082964175,-0.05004691437191965,0.02735680976069615,-0.09070194550637305,-0.017535115067896238,-0.017288805470517067,0.004220844412318206,0.007634828565585165,-0.004173375226933732
1.9153969594949058,-0.919108227535546,-1.4448075649762397,-1.4465772848256777,-1.6011228435744052,1.5159405363452025,0.02998545349774639,0.5925996554697491,0.11456538324337852,0.11295612357721785,-0.027576816909130452,-0.049882025708240726,0.02726667777432756,-0.10564447273690925,-0.020423905743000365,-0.020137018318481723,0.004916199756845953,0.008892614527119098,-0.004860910346754481
1.9353490111563112,-0.9073066637815131,-1.4425260066562635,-1.4443277747534042,-1.601672033166202,1.5149471407177457,0.030528466699229477,0.5903434242968782,0.11412919333570676,0.11252606067584885,-0.027471822460712107,-0.04969210764073918,0.027162864132508433,-0.12050647826566463,-0.023297129416776145,-0.02296988282931345,0.005607807997900496,0.010143622581239072,-0.005544740504420746
1.9553010628177163,-0.8955530687196162,-1.4402537219690807,-1.4420874080504642,-1.6022189905193733,1.5139577828508783,0.031069272766672477,0.5877915645378368,0.11363585050538372,0.11203964765884238,-0.027353070840282843,-0.04947730506208526,0.027045448036949117,-0.13527645899238464,-0.026152562231890886,-0.02578520638342194,0.006295133834985693,0.011386884455457437,-0.0062243364196247
1.9752531144791217,-0.8838533216666612,-1.4379918475440783,-1.439857305380411,-1.6027634420380072,1.5129729576355941,0.03160760118112487,0.584946027031454,0.11308573190179842,0.11149725637790284,-0.027220652830759393,-0.04923778218397182,0.026914519249587935,-0.14994291181681357,-0.028987980331011697,-0.02858079636121633,0.006977641967605311,0.012621431877286336,-0.0068991688120584775
1.995205166140527,-0.8722132607266138,-1.435741512043097,-1.4376385795511695,-1.603305116044045,1.5119931564937985,0.0321431833199201,0.5818089921270104,0.1124792590448566,0.11089930243199395,-0.027074669895401766,-0.048973722537114496,0.026770178092591346,-0.16449433363869853,-0.03180115985680604,-0.031354460143106444,0.0076547970952631885,0.013846296574238156,-0.0075687084014143405
2.0151572178019324,-0.8606386782113976,-1.4335038352751504,-1.4354323346421893,-1.6038437429903747,1.5110188669928564,0.03267575266737373,0.5783828696842369,0.11181689782498055,0.11024624516733893,-0.02691523417781308,-0.04868532897125167,0.02661253544835383,-0.17891922135778443,-0.034589876951941295,-0.03410400510950198,0.0083260639174632,0.015060510273825177,-0.008232425907384511
2.0351092694633373,-0.8491353160616871,-1.43127992731114,-1.4332396651315968,-1.6043790556739275,1.5100505724601363,0.033205045025481675,0.5746702990733152,0.11109915850310875,0.10953858767742022,-0.026742468501939648,-0.048372823655144406,0.026441712759497915,-0.19320607187381728,-0.03735190775908498,-0.036827238640812464,0.008990907133709156,0.016263104703559763,-0.008889792049661241
2.0550613211247426,-0.8377088612677042,-1.4290708875985738,-1.4310616550233466,-1.6049107894487713,1.5090887515975582,0.03373079872461856,0.570674149174876,0.11032659571069571,0.10877687680297936,-0.026556506372070795,-0.0480364480765762,0.026257842028874073,-0.20734338208654188,-0.04008502842090416,-0.039521968117447286,0.009648791443504862,0.017453111590954102,-0.009540277547936632
2.075013372786148,-0.8263649412900141,-1.4268778040762824,-1.4288993769743756,-1.6054386824392062,1.5081338780961369,0.03425275483423567,0.5663975183800016,0.10949980844971291,0.10796170313201758,-0.02635749197283913,-0.047676463042353616,0.02606106581956095,-0.2213196488957037,-0.04278701508006636,-0.042186000919816044,0.010299181546354142,0.018629562663520484,-0.010183353121902931
2.0949654244475533,-0.8151091194803226,-1.4247017522891372,-1.4267538914217543,-1.6059624757528586,1.5071864202505307,0.03477065737355933,0.5618437345902256,0.10861944009264794,0.10709370099979545,-0.02614558016922043,-0.047293148678305766,0.025851537254865192,-0.23512336920104876,-0.04545564387923882,-0.044817144428328494,0.01094154214176084,0.019791489648771154,-0.010818489491252366
2.1149174761089586,-0.8039468905022672,-1.422543794502767,-1.4246262457098395,-1.606481913693776,1.5062468405735845,0.03528425352228918,0.5570163552175319,0.10768617838250495,0.10617354848883272,-0.02592093650653357,-0.046886804429284445,0.02562942001832151,-0.24874303990232305,-0.048088690961089066,-0.047413206023394064,0.011575337929228772,0.020937924274218613,-0.011445157375677195
2.134869527770364,-0.7928836757522175,-1.420404978818275,-1.4225174732174268,-1.6069967439755226,1.505315595410878,0.035793293831296216,0.5519191671843535,0.1067007554328042,0.10520196742890849,-0.025683737210440573,-0.046457749059164125,0.02539488835369259,-0.2621671578992714,-0.05068393246828434,-0.049971993085422425,0.01220003360826178,0.022067898267374958,-0.01206282749486952
2.154821579431769,-0.7819248187800693,-1.4182863382869566,-1.420428592484903,-1.6075067179342735,1.50439313455527,0.036297532433321136,0.5465561869235757,0.10566394772758261,0.10417972339706144,-0.025434169186946694,-0.04600632065084208,0.02514812706496929,-0.27538422009164,-0.05323914454349217,-0.05249131299482325,0.012815093878363729,0.02318044335575263,-0.01267097056852166
2.1747736310931742,-0.7710755807100367,-1.4161888900250155,-1.4183606063413978,-1.608011590741909,1.5034799008614448,0.03679672725367257,0.540931660378532,0.10457657612139319,0.10310762571758898,-0.025172430022400178,-0.04553287660623807,0.024889331516370322,-0.2883827233791734,-0.05575210332937956,-0.054968973132005765,0.013419983439038373,0.024274591266863727,-0.013269057316325744
2.1947256827545796,-0.7603411356614542,-1.4141136343282823,-1.4163145010319385,-1.6085111216191101,1.5025763298604582,0.03729064022092515,0.5350500630030095,0.10343950583930552,0.10198652746204866,-0.024898727983492554,-0.04503779364629475,0.024618707632342605,-0.3011511646616184,-0.05822058496861414,-0.0574027808773797,0.014014166989789566,0.02534937372822068,-0.013856558457973952
2.214677734415985,-0.7497265661695685,-1.41206155378693,-1.4142912453445993,-1.609005074048453,1.5016828493742833,0.03777903747761784,0.5289160997612442,0.10225364647690588,0.10081732544925678,-0.02461328201725857,-0.044521467810977496,0.02433647189756109,-0.31367804083871925,-0.06064236560386344,-0.059790543611354795,0.014597109230121185,0.026403822467335754,-0.014432944713158608
2.2346297860773903,-0.7392368586063327,-1.4100336124001933,-1.412291789737656,-1.6094932159875035,1.5007998791303563,0.038261689590952185,0.5225347051279217,0.10101995200029612,0.0996009602452892,-0.024316321751075922,-0.04398431445927412,0.024042851356928616,-0.3259518488102214,-0.06301522137779415,-0.0621300687143403,0.01516827485953693,0.027436969211721153,-0.014997686801571807
2.2545818377387956,-0.7288768986012053,-1.4080307546910835,-1.410317065466737,-1.6099753200819125,1.4999278303761219,0.038738371763490424,0.5159110430881797,0.09973942074609538,0.09833841616348127,-0.024008087492665628,-0.04342676826919546,0.02373808361557631,-0.33796108547587245,-0.06533692843307437,-0.06441916356674633,0.01572712857754078,0.028447845688889348,-0.015550255442905865
2.2745338894002005,-0.7186514664619454,-1.406053904821107,-1.4083679837119778,-1.61045116387851,1.4990671054935802,0.039208864043853695,0.509050507137608,0.09841309542143888,0.09703072126442767,-0.02368883023009187,-0.04284928323777495,0.023422416838863192,-0.3496942477354157,-0.06760526291237105,-0.06665563554898188,0.01627313508363649,0.02943548362635252,-0.01609012135685291
2.294485941061606,-0.7085652325954044,-1.404103965704982,-1.4064454347051705,-1.6109205300384004,1.4982180976138317,0.03967295153742045,0.5019587202822416,0.09704206310397767,0.09567894735598169,-0.02335881163176179,-0.04225233268106846,0.023096109752376297,-0.3611398324885977,-0.06981800095835146,-0.06883729204145665,0.016805759077327856,0.030398914751622853,-0.01661675526310513
2.314437992723011,-0.698622752928326,-1.402181818125356,-1.4045502868569184,-1.6113832065500573,1.4973811902316232,0.040130424617024485,0.49464153503857083,0.09562745524187988,0.09428420999325693,-0.02301830404642585,-0.041636409234154854,0.02275943164193074,-0.3722863366351638,-0.07197291871368325,-0.07096194042458034,0.01732446525811873,0.031337170792212855,-0.01712962788135479
2.3343900443844166,-0.6888284643281416,-1.4002883198475233,-1.4026833858837877,-1.6118389869424172,1.496556756819894,0.040581079133653074,0.4871050334335361,0.09417044765383008,0.09284766847862615,-0.02266759050317775,-0.041002024851135695,0.022412662353569823,-0.38312225707486003,-0.07406779232103382,-0.07302738807876276,0.017828718325513027,0.0322492834756347,-0.017628209931294134
2.354342096045822,-0.6791866800237638,-1.3984243047341405,-1.40084555393546,-1.6122876704979763,1.4957451604443224,0.04102471662714545,0.47935552700452594,0.09267226052902863,0.09137052586172094,-0.022306964711454103,-0.04034971080513507,0.022056092293564613,-0.3936360907074319,-0.07610039792307027,-0.07503144238441306,0.018317982979014477,0.03313428452940071,-0.018111972132615305
2.3742941477072272,-0.6697015850263824,-1.3965905818599456,-1.399037588721885,-1.6127290624658828,1.4949467533778698,0.04146114453689081,0.47139955679938156,0.09113415842719272,0.0898540289394327,-0.02193673106103482,-0.039680017688299846,0.0216900224284145,-0.4038163344326236,-0.07806851166246,-0.07697191072194093,0.018791723918126925,0.03399120568102312,-0.018580385205010538
2.394246199368632,-0.660377231550261,-1.3947879346264742,-1.3972602626404322,-1.6131629742750335,1.4941618767153277,0.041890176412526646,0.46324389337639443,0.08955745027855588,0.08829946825591206,-0.021557204622043014,-0.038993515411799635,0.021314764284846743,-0.4136514851501829,-0.07996990968187036,-0.07884660047175615,0.01924940584235423,0.03481907865801431,-0.019032919868172026
2.4141982510300375,-0.6512175344335319,-1.3930171198767771,-1.3955143219030435,-1.613589223747168,1.493390859987864,0.042311632124636886,0.454895536804304,0.0879434893838676,0.08670817810256863,-0.021168711144944743,-0.03829079320582655,0.020930639949816646,-0.4231300397598524,-0.08180236812396877,-0.08065331901426792,0.019690493451200105,0.035616935187886424,-0.01946904684179197
2.434150302691443,-0.6422262665589926,-1.3912788670101366,-1.3938004856633865,-1.6140076353099635,1.4926340207775681,0.042725338075450155,0.44636171666230395,0.08629367341439445,0.08508153651807195,-0.020771587060549455,-0.03757245961959578,0.0205379820705077,-0.43224049516138036,-0.08356366313142265,-0.0823898737298862,0.020114451444168527,0.036383806998151955,-0.019888236845562627
2.454102354352848,-0.6334070542749007,-1.3895738770967847,-1.392119445144006,-1.6144180402101291,1.4918916643319964,0.04313112740953796,0.4376498920400373,0.08460944441191896,0.08342096528835062,-0.020366179480009673,-0.036839142521344806,0.020137133854331263,-0.4409713482545117,-0.08525157084689933,-0.08405407199902026,0.02052074452076329,0.0371187258163231,-0.020289960599176145
2.4740544060142535,-0.62476337281577,-1.38790282199262,-1.3904718627634767,-1.6148202767265007,1.4911640831787194,0.043528840224512866,0.4287677515375967,0.08289228878874029,0.0817279299465927,-0.019952846194821038,-0.036091489098334026,0.019728449068926932,-0.4493110959389917,-0.08686386741306609,-0.08564372120208005,0.020908837380488203,0.03782072336991209,-0.02067368882232479
2.494006457675659,-0.6162985417231647,-1.3862663434539242,-1.3888583712635556,-1.6152141903831372,1.4904515567398666,0.04391832378172693,0.4197232132655249,0.08114373732767356,0.08000393977324512,-0.019531955676822282,-0.03533016585684654,0.019312292042162095,-0.45724823511456486,-0.08839832897259028,-0.08715662871947444,0.02127819472284704,0.03848883138643131,-0.021038892234700703
2.5139585093370638,-0.608015720266499,-1.3846650522520803,-1.3872795728363347,-1.6155996341624124,1.4897543509466729,0.04429943271696947,0.41052442484481977,0.07936536518205105,0.07825054779601508,-0.01910388707819554,-0.03455585862218805,0.018889037662132492,-0.4647712626809788,-0.08985273166813933,-0.08859060193161393,0.021628281247343686,0.039122081593393,-0.021385041555996187
2.533910560998469,-0.5999179028638255,-1.3830995272882887,-1.385736038251393,-1.6159764687181126,1.4890727178540235,0.044672029251165944,0.4011797634069206,0.07755879187572011,0.07646935078986788,-0.018669030231465714,-0.03376927253868691,0.018459071377161573,-0.4718686755379755,-0.09122485164238035,-0.08994344821890714,0.021958561653481944,0.039719505718309296,-0.02171160750590329
2.5538626126598745,-0.5920079145026383,-1.3815703147082852,-1.384228305982949,-1.61634456258853,1.4884068952550011,0.04503598340107545,0.3916978355937265,0.075725681303046,0.07466198927702927,-0.018227785649501237,-0.03297113206969442,0.01802278919580112,-0.4785289705853044,-0.09251246503798115,-0.09121297496176432,0.022268500640765635,0.040280135488692734,-0.02201806080411443
2.57381466432128,-0.5842884061606662,-1.3800779270170582,-1.3827568813370132,-1.616703792409557,1.4877571062954311,0.04539117318998945,0.3820874775575843,0.07386774172890984,0.07283014752698426,-0.017780564525513548,-0.03216218099758443,0.017580597686830884,-0.4847406447227115,-0.09371334799760907,-0.09239698954059526,0.02255756290869873,0.04080300263205571,-0.022303872170321728
2.593766715982685,-0.5767618502266662,-1.3786228421935647,-1.381322235578541,-1.6170540431277822,1.4871235590884273,0.04573748485842968,0.3723577549612877,0.07198672578870832,0.07097555355647635,-0.01732778873305717,-0.031343182423753384,0.017132913979258507,-0.49049219484993944,-0.09482527666393098,-0.09349329933580883,0.022825213156784898,0.041287138875910234,-0.022568512324217395
2.61371876764409,-0.5694305359212195,-1.3772055028054488,-1.3799248050585842,-1.6173952082135843,1.4865064463289377,0.04607481307484665,0.362517962978084,0.0700844304883556,0.06909997912950877,-0.01686989082602983,-0.030514918768620447,0.016680165762319822,-0.4957721178667336,-0.09584602717961437,-0.09449971172781485,0.023070916084527937,0.04173157594776867,-0.02281145198549353
2.6336708193054954,-0.5622965647175306,-1.3758263151237584,-1.3785649903414434,-1.617727189874227,1.4859059449082912,0.04640306114631762,0.3525776262916719,0.0681626972042815,0.06720523975734444,-0.016407314038672387,-0.029678191771627546,0.016222791285478638,-0.5005689106728406,-0.09677337568732694,-0.09541403409702276,0.02329413639143177,0.04213534557514321,-0.023032161873842417
2.6536228709669007,-0.55536184576222,-1.3744856482376624,-1.3772431553318225,-1.6180498992669539,1.4853222155287424,0.04672214122924493,0.3425464990961993,0.06622341168343278,0.06529319469850532,-0.015940512285569017,-0.028833822491239475,0.0157612393584269,-0.5048710701680069,-0.09760509832973568,-0.09623407382384251,0.023494338777000155,0.04249747948554639,-0.02323011270895637
2.673574922628306,-0.5486280912961214,-1.3731838331691675,-1.375959626401978,-1.6183632567120834,1.484755402318018,0.047031974540054075,0.3324345650962642,0.06426850404327245,0.06336574695877309,-0.015469950161646812,-0.02798265130494354,0.015295969351084559,-0.5086670932519763,-0.09833897124950806,-0.0969576382886834,0.023670987940737,0.0428170094064903,-0.023404775210527445
2.6935269742897114,-0.5420968120750733,-1.3719211619878355,-1.3747146915188735,-1.618667191906103,1.4842056324438628,0.04733249156589223,0.3222520375069164,0.06229994877177933,0.061424843291188164,-0.014996102942176114,-0.027125537909249597,0.014827451193599546,-0.5119454768244955,-0.09897277058931139,-0.09758253487195497,0.02382354858214604,0.04309296706548734,-0.023555620098247895
2.713479025951117,-0.5357693127907206,-1.3706978869255013,-1.3735085993713314,-1.618961644134765,1.4836730157285853,0.04762363227532609,0.3120093590536555,0.06031976472744948,0.059472474196050694,-0.014519456582770547,-0.026263361319690533,0.014356165376347882,-0.5146947177853104,-0.09950427249181329,-0.09810657095406702,0.023951485400731255,0.04332438419004982,-0.023682118091810023
2.7334310776125217,-0.5296466874913068,-1.3695142194909884,-1.372341558497186,-1.6192465624861794,1.4831576442636032,0.04790534632904039,0.30171720197243274,0.058330015139295095,0.05751067392092029,-0.014040507719386636,-0.025397019870821668,0.013882602949933655,-0.5169033130341658,-0.09993125309968087,-0.0985275539154291,0.024054263095996332,0.043510292507689945,-0.02378373991090596
2.753383129273927,-0.523729815002469,-1.3683703295848282,-1.3712137364104353,-1.6195219060639106,1.4826595920239902,0.04817759329053589,0.29138646800964657,0.056332807606844296,0.05554152046061524,-0.013559763668324318,-0.02452743121622116,0.013407265525188958,-0.5185597594708067,-0.10025148855558154,-0.09884329113645056,0.024131346367445128,0.04364972374592003,-0.023859956275227866
2.7733351809353324,-0.5180193543480356,-1.367266344613975,-1.3701252587283925,-1.6197876442000714,1.482178914483021,0.04844034283682779,0.28102828842214994,0.05433029410014205,0.05356713555721402,-0.013077742426226455,-0.02365553232848978,0.012930665273173976,-0.5196525539949807,-0.10046275500218284,-0.09905158999754116,0.024182199914581502,0.043741709632252435,-0.023910237904468067
2.7932872325967377,-0.5125157401708202,-1.3662023486065245,-1.3690762082988406,-1.6200437566684178,1.4817156482267178,0.0486935749691438,0.27065402397724264,0.05232467095974926,0.051589684700053526,-0.012594972670079195,-0.022782279499250952,0.012453324925176814,-0.5201701935064292,-0.10056282858215154,-0.09915025787911018,0.024206288436909196,0.04378528189419918,-0.0239340555183186
2.813239284258143,-0.5072191781534208,-1.365178381326431,-1.3680666243271835,-1.6202902338974434,1.4812698105683955,0.04893728022362241,0.2602752649526814,0.050318178896744226,0.049611377125731375,-0.012111993757211859,-0.021908648339151085,0.01197577777271382,-0.5201011749049046,-0.10054948543815595,-0.09913710216156776,0.024203076633932254,0.043779472259273096,-0.023930879836471918
2.8331913359195484,-0.5021296404390101,-1.364194437388224,-1.3670965015035983,-1.6205270771834746,1.4808413991632083,0.049171459882011,0.2499038311366666,0.04831310299272051,0.04763446581810298,-0.011629355725296907,-0.021035633777858977,0.011498567667529274,-0.5194339950901454,-0.10042050171286254,-0.099009930225323,0.024172029205154197,0.04372331245498586,-0.023900181578619985
2.8531433875809533,-0.4972468610521348,-1.3632504653717252,-1.3661657891301884,-1.6207542989037653,1.4804303916226949,0.04939612618236435,0.2395517718278505,0.04631177269978865,0.045661247508284174,-0.011147619292349802,-0.020164250064066126,0.011022249021595433,-0.5181571509619006,-0.10017365354893899,-0.09876654945078546,0.024112610850079073,0.04361583420885018,-0.02384143146445517
2.8730954392423587,-0.49257033131950845,-1.3623463669367664,-1.3652743902481348,-1.6209719227295916,1.4800367451293241,0.0496113025297426,0.22923136583533837,0.04431656184057522,0.04369406267464953,-0.010667355856729377,-0.0192955307654869,0.010547386807112714,-0.516259139419915,-0.09980671708905275,-0.098404767218365,0.024024286268210654,0.043456069248378214,-0.023754100213669624
2.893047490903764,-0.4880992952908123,-1.361481995937906,-1.3644221607648501,-1.6211799838393466,1.4796603960510428,0.049817023706909394,0.21895512147868612,0.042329888608223565,0.041735295542833284,-0.010189147497137502,-0.018430528768858364,0.010074556556509547,-0.5137284573639361,-0.09931746847587115,-0.09792239090847116,0.02390652015905278,0.043243049301082255,-0.023637658545955557
2.9129995425651694,-0.48383274515948416,-1.3606571575391475,-1.36360890858113,-1.6213785291316352,1.4793012595558188,0.050013336085030384,0.20873577658789838,0.04035421556639355,0.039787374085729244,-0.009713586972619256,-0.017570316279940257,0.00960434436244252,-0.5105536016937079,-0.09870368385206177,-0.09731722790151347,0.02375877722210928,0.04297580609447468,-0.02349157718100523
2.9329515942265747,-0.4797694166835187,-1.3598716073286536,-1.3628343927183049,-1.6215676174383682,1.4789592292261884,0.050200297834371216,0.1985862985034278,0.038392049649260046,0.03785277002348927,-0.009241277722562717,-0.01671598482351461,0.009137346877795818,-0.5067230693089723,-0.09796313936029098,-0.09658708557790108,0.02358052215688384,0.04265337135606742,-0.02331532683851069
2.95290364588798,-0.4759077846062614,-1.3591250504334678,-1.362098322445394,-1.6217473197378582,1.4786341766738025,0.05037797913499585,0.18851988407618359,0.036445942161516795,0.03593399882352652,-0.00877283386669942,-0.015868645243386874,0.008674171315682247,-0.502225357109481,-0.0970936111432274,-0.09572977131804411,0.023371219662880516,0.04227477681337323,-0.023108378238164345
2.972855697549385,-0.47224605807720765,-1.3584171406342271,-1.3614003564062578,-1.6219177193679137,1.4783259511539715,0.05054646238746463,0.17854995966752293,0.03451848877837207,0.03403361970051243,-0.008308880205103768,-0.015029427702384853,0.008215435449442407,-0.49704896199497783,-0.09609287534353787,-0.09474309250235204,0.023130334439603006,0.041839054193904296,-0.022870202099658354
2.9928077492107903,-0.4687821760727868,-1.3577474794798823,-1.3607401017467473,-1.6220789122389339,1.4780343791802115,0.050705842423532904,0.16869018114925102,0.03261232954555025,0.03215423561637676,-0.007850052218193434,-0.01419948168235867,0.007761767612644814,-0.49118238086520527,-0.09495870810388927,-0.09362485651123409,0.022857331186555172,0.04134523522517262,-0.02260026914268477
3.0127598008721956,-0.4655138028171768,-1.357115615402414,-1.360117113241861,-1.6222310070470032,1.4777592641387907,0.05085622671684862,0.15895443390362857,0.030730148879293456,0.03029849328031123,-0.0073969960667292015,-0.013379975984181745,0.007313806699086275,-0.4846141106199116,-0.09368888556694993,-0.09237287072510036,0.022551674603240802,0.04079235163469084,-0.022298050086936038
3.032711852533601,-0.46243832320308154,-1.3565210428315497,-1.3595308924228944,-1.6223741254869868,1.4775003859032747,0.05099773559365109,0.14935683282336013,0.028874675566359826,0.02846908314876433,-0.00695036859181511,-0.012572098727749965,0.006872202162791444,-0.47733264815884174,-0.09228118387538614,-0.09098494252435996,0.022212829389163732,0.04017943514997108,-0.021963015652104154
3.0526639041950063,-0.45955283821253756,-1.355963201309481,-1.3589808867045925,-1.6225084024656247,1.4772575004490722,0.05113050244346887,0.13991172231160623,0.027048682764022718,0.026668739425445225,-0.006510837314898232,-0.01177705735198173,0.006437614018013118,-0.46932649038174107,-0.09073337917186594,-0.08945887928942256,0.021840260243827885,0.03950551749852565,-0.02159463655788143
3.0726159558564117,-0.4568541603377072,-1.3554414746055812,-1.358466488512304,-1.6226339863146262,1.4770303394679813,0.05125467392981802,0.13063367628198014,0.025254988000074072,0.024900240061322403,-0.00607908043776897,-0.010996078614818574,0.006010712839232147,-0.4605841341883562,-0.08904324759905692,-0.08779248840069831,0.021433431866736977,0.03876963040786685,-0.021192383523960138
3.0925680075178166,-0.4543388090016698,-1.3549551898311214,-1.3579870344091314,-1.622751039003766,1.4768186099827354,0.05137041020090076,0.12153749815853575,0.023496453172819703,0.023166406754622705,-0.005655786842560568,-0.010230408593224122,0.005592179761157325,-0.45109407647843147,-0.0872085652996257,-0.0859835772385959,0.02099180895739481,0.037970805605507,-0.020755727270032383
3.112520059179222,-0.4520030059792237,-1.35450361655399,-1.3575418042230856,-1.6228597363539774,1.4766219939615488,0.05147788510030286,0.11263822087578819,0.021775984551084013,0.021470104950833756,-0.0052416560917497,-0.009481312683185236,0.005182706478725666,-0.4408448141517117,-0.08522710841624014,-0.08402995318352546,0.02051485621530538,0.03710807481895831,-0.02028413851579048
3.1324721108406273,-0.4498426708176799,-1.3540859659134066,-1.3571300201742371,-1.6229602682504483,1.4764401479326625,0.05157728637769252,0.10395110687869807,0.02009653277420686,0.019814243842702153,-0.004837398428156289,-0.008750075599711561,0.004782995247102095,-0.42982484410794564,-0.08309665309156776,-0.08192942361589639,0.020002038339972442,0.03618046977573321,-0.01977708798092653
3.1524241625020326,-0.4478534162576535,-1.3537013897346415,-1.356750846001868,-1.6230528388557146,1.4762727025988902,0.0516688158995185,0.09549164812267487,0.018461092852043393,0.018201776370231994,-0.004443734774942878,-0.008038001376834525,0.004393758881679516,-0.41802266324687487,-0.08081497546827482,-0.0796797959161184,0.019452820030899667,0.035187022203343736,-0.019234046385132698
3.172376214163438,-0.4460305436538632,-1.353348979643732,-1.3564033860916256,-1.6231376668227568,1.4761192624521642,0.051752689859707955,0.08727556607357993,0.016872704164966973,0.016635699220689314,-0.004061396735615675,-0.007346413367609139,0.0040157207580790305,-0.40542676846824766,-0.07837985168902982,-0.07727887746460031,0.018866665987590993,0.034126763829302416,-0.018654484448101305
3.192328265824843,-0.4443690383959322,-1.3530277661822006,-1.356086684602675,-1.6232149855080928,1.4759794053880815,0.051829138990365085,0.07931881170772931,0.01533445046386688,0.01511905282859856,-0.003691126594023994,-0.006676654244113047,0.0036496148121496997,-0.3920256566718071,-0.07578905789649987,-0.07472447564175307,0.01824304090955032,0.03299872638112141,-0.018037872889524575
3.212280317486248,-0.44286356532916904,-1.3527367179217697,-1.3557997245948485,-1.6232850431848744,1.4758526823204483,0.05189840877246919,0.07163756551188524,0.013849459870147927,0.013654921375742654,-0.003333677314360068,-0.006030085997446336,0.0032961855399687317,-0.3778078247573027,-0.07304037023335225,-0.07201439782798558,0.017581409496281435,0.031801941586313213,-0.01738368242909467
3.2322323691476536,-0.44150846417538037,-1.3524747405790827,-1.3555414271558033,-1.6233481032559804,1.4757386167958289,0.051960759646572686,0.06424823748326226,0.012420904875732275,0.012246432791164878,-0.002989812541159536,-0.005408089937731739,0.002956187997841345,-0.36276176962447637,-0.0701315648422543,-0.06914645140370679,0.016881236447288166,0.03053544117238992,-0.016691383786503713
3.252184420809059,-0.44029774495365204,-1.3522406761304162,-1.3553106505281682,-1.6234044444671132,1.4756367046080874,0.05201646722349975,0.057167467129521,0.011052002343057492,0.010896758751167386,-0.002660306599300814,-0.004812066694114665,0.002630387802300507,-0.3468759881730731,-0.06706041786587316,-0.06611844374932696,0.016141986462074247,0.029198256866863687,-0.01596044768144405
3.2721364724704642,-0.43922508340115507,-1.352033301926402,-1.3551061892367011,-1.6234543611198915,1.4755464134129375,0.05206582249504422,0.05041212346877996,0.009746013505078857,0.009609114679311763,-0.002345944494005853,-0.0042434362147634784,0.002319561130107701,-0.33013897730284336,-0.06382470544687664,-0.06292818224525565,0.01536312424014362,0.027789420397247272,-0.01519034483360789
3.2920885241318696,-0.43828381639394,-1.3518513298067412,-1.3549267732154382,-1.6234981632849468,1.4754671823424856,0.052109132044667564,0.04399930502960627,0.008506243965267363,0.008386759746419548,-0.002047521910839785,-0.00370363776686934,0.0020244947182521916,-0.3125392339135275,-0.06042220372793141,-0.05957347427190228,0.014544114481000124,0.026307963491052553,-0.014380545962687334
3.3120405757932745,-0.4374669373677209,-1.3516934052149219,-1.354771066934846,-1.6235361770150174,1.475398421619778,0.05214671825819794,0.03794633985100987,0.007336043697609501,0.00723299687057025,-0.0017658452157104788,-0.0031941299366455254,0.001745985863951334,-0.2940652549048744,-0.05685068885170581,-0.05605212720967663,0.013684421884147452,0.02475291787579191,-0.013530521788374616
3.33199262745468,-0.4367670917386899,-1.3515581063129383,-1.3546376685289778,-1.623568744558043,1.4753395121733466,0.05217891953452749,0.032270785482464814,0.00623880704660988,0.006151172717104713,-0.0015017314548695026,-0.0027163906293285744,0.001484842424650595,-0.27470553717662655,-0.05310793696086632,-0.05236194843898776,0.012783511149089594,0.023123315278977836,-0.012639743030362027
3.351944679116085,-0.43617657232429585,-1.3514439430960037,-1.3545251089226207,-1.6235962245702598,1.4752898052517545,0.05220609049631109,0.02699042898388085,0.00521797272728824,0.005144677698620646,-0.0012560083549110156,-0.0022719170691774997,0.0012418828180232595,-0.25444857762853335,-0.04919172419808059,-0.04850074534024592,0.011840846975330213,0.021418187428122296,-0.011707680408341673
3.3718967307774905,-0.4356873147640501,-1.351349356507272,-1.354431850958452,-1.6236189923292954,1.4752486220381416,0.05222860220066451,0.02212328692562918,0.004277023825180831,0.004216945974976757,-0.0010295143227726797,-0.001862225799473768,0.0010179360219707836,-0.23328287316033638,-0.045099826706015825,-0.044466325293859896,0.010855894062373242,0.019636566050737846,-0.010733804642005879
3.391848782438896,-0.435290892940317,-1.3512727175525532,-1.3543562885241898,-1.623637439947263,1.475215253264771,0.052246842349862495,0.017687605388529173,0.0034194877963407287,0.0033714554532907927,-0.0008230984457352812,-0.0014888526825220729,0.0008138415746228459,-0.21119692067178333,-0.040830020627339716,-0.04025649568024014,0.00982811710972252,0.017777482874336538,-0.009717586451046723
3.411800834100301,-0.4349785143991194,-1.3512123264150306,-1.354296745679747,-1.6236519765838564,1.4751889588275757,0.052261215502036766,0.013701859963848007,0.0026489364673372975,0.002611727787940017,-0.0006376204914227333,-0.0011533528996495112,0.0006304495743370421,-0.18817921706262014,-0.036380082104719366,-0.035869063879795465,0.00875698081688182,0.01583996962643084,-0.008658496555156481
3.431752885761706,-0.43474101577091395,-1.3511664115699764,-1.3542514757843813,-1.6236630286594453,1.4751689674007018,0.05227214328187483,0.010184755753305474,0.0019689860352560783,0.0019413283805611058,-0.00047395090780211386,-0.0008573009512059387,0.00046862067969892355,-0.16421825923259123,-0.03174778728082271,-0.03130183727293598,0.007641949883355113,0.013823058034533108,-0.007556005674027386
3.4517049374231115,-0.43456885819141133,-1.351133128899472,-1.3542186606238495,-1.623671040068169,1.4751544760510573,0.05228006459131774,0.007155227369070513,0.0013832970676996843,0.0013638663800490183,-0.0003329708231835627,-0.0006022906565636874,0.000329226109522203,-0.13930254408144352,-0.026930912298316196,-0.026552623240071,0.006482489008645934,0.011725779826155566,-0.006409584527351628
3.471656989084517,-0.4344521227223479,-1.3511105608071219,-1.3541964095375596,-1.6236764723910322,1.4751446498528558,0.05228543582025853,0.004632438933763616,0.000895574502785446,0.0008829946825589212,-0.0002155720462203976,-0.00038993515411788376,0.00021314764284843782,-0.11342056850892035,-0.02192723329986747,-0.021619229161610055,0.005278062892258361,0.009547166728810364,-0.005218703834821366
3.491609040745922,-0.43438050577230314,-1.3510967153327735,-1.3541827585457225,-1.6236798051089991,1.4751386215021636,0.05228873105724027,0.0026357840804581553,0.0005095676491494436,0.0005024099315059541,-0.00012265706590930013,-0.00022186690128689687,0.0001212776189475881,-0.08656082941476992,-0.01673452642814434,-0.016499462417963254,0.00402813623369616,0.0072862504700099626,-0.003982834316128952
3.5115610924073275,-0.434343314517482,-1.3510895252672337,-1.3541756694765057,-1.6236815358160883,1.4751354909314451,0.05229044230015418,0.0011848859526702505,0.00022907018594134227,0.0002258525175628222,-5.5139051589653355e-05,-9.973767451065906e-05,5.451893731723061e-05,-0.05871182369873488,-0.01135056782581349,-0.01119113038953903,0.002732173732463101,0.004942062777266467,-0.002701446690966344
3.531513144068733,-0.43432946232251735,-1.3510868472669844,-1.3541730290931846,-1.623682180432468,1.4751343249241096,0.05229107966693815,0.0002995972043779704,5.792016283076305e-05,5.71065786636572e-05,-1.394185294462869e-05,-2.5218569253185546e-05,1.3785057683456345e-05,-0.029862048260562327,-0.005773133635542877,-0.005692040456747916,0.0013896400880630923,0.002513635378092474,-0.0013740116790259605
3.5514651957301377,-0.43432746416125134,-1.3510864609689008,-1.3541726482212946,-1.6236822734175496,1.4751341567290546,0.052291171606275055,0.0,0.0,0.0,0.0,0.0,0.0,0.0,0.0,2.816729110799112e-16,0.0,7.04182277699778e-17,-7.04182277699778e-17
3.571039439361265,-0.4342756417842249,-1.3510809129760213,-1.354165151870569,-1.6236846124900726,1.4751333273129956,0.052293250747980045,0.00782318219369979,0.0008375331583755029,0.0011316601221119517,-0.00035310982553547824,-0.00012520986715570278,0.00031387028727849044,0.7751120512829887,0.08298183889015896,0.11212360608343679,-0.03498572248763428,-0.012405652146269264,0.031097913379179005
3.5906136829923923,-0.4339313342112389,-1.351044052143445,-1.3541153461597417,-1.6237001532743744,1.4751278166775015,0.05230706455343281,0.029424935046275795,0.0031501706305840775,0.004256455335326495,-0.001328133925981009,-0.0004709454691182356,0.001180544257752706,1.409294638696343,0.15087607070937992,0.20386110196988508,-0.06361040452297141,-0.022555731175035024,0.05654166068941637
3.610187926623519,-0.4330512725052713,-1.3509498346189244,-1.3539880410921896,-1.6237398760403488,1.47511373130833,0.052342373103538835,0.06213287676153305,0.006651812935527755,0.008987813035946987,-0.0028044507631371455,-0.000994435391211821,0.0024928045130134654,1.911355853731915,0.20462567089959652,0.2764866195466566,-0.08627161113427997,-0.03059121040614125,0.07668462731002094
3.6297621702546463,-0.43144281016706104,-1.350777636080159,-1.3537553694451536,-1.6238124761462345,1.4750879879022958,0.05240690547970889,0.10344703727206335,0.011074818623147147,0.01496410078825721,-0.004669220833526985,-0.001655667664868797,0.004150350906161857,2.2901037878815576,0.2451736149027424,0.33127429070106323,-0.10336690734982855,-0.03665306315943191,0.0918801986203016
3.6493364138857736,-0.42896054830592484,-1.3505118904328002,-1.3533962985848136,-1.6239245163660603,1.4750482593531986,0.05250649516382524,0.15103985823924526,0.01617000427442144,0.021848626324521378,-0.006817386668396171,-0.002417389767629615,0.00605980054180924,2.5543465326371217,0.2734628781607511,0.36949824732041664,-0.11529385819788567,-0.04088226275475097,0.10248175999956717
3.668910657516901,-0.4255029608105733,-1.3501417285084525,-1.3528961422813655,-1.6240805792170878,1.474992920737754,0.05264521543820802,0.20275619305324416,0.02170664450136841,0.029329637544984133,-0.00915167283371289,-0.003245108623142842,0.008134687776077239,2.7128921794904604,0.2904364361155563,0.3924326212920287,-0.12245002870671995,-0.043419782511942416,0.10884269682712651
3.688484901148028,-0.42100901951992664,-1.3496606167626797,-1.3522460725240955,-1.624283419287256,1.4749209953015214,0.05282551478558151,0.2566133068330121,0.027472471947044393,0.037120322517870535,-0.011582585930167876,-0.004107090601165159,0.010295464216597754,2.774548819933426,0.2970372642090917,0.4013515445032113,-0.12523298390459997,-0.04440659575085021,0.1113163944822885
3.7080591447791553,-0.4154548193939306,-1.3490659959730065,-1.351442631336457,-1.6245341155626232,1.4748321004448361,0.05304835228904046,0.31080087642628806,0.03327367728554432,0.0449588094793861,-0.014028414593174408,-0.004974361517561364,0.012469498722512956,2.7481245454578693,0.2942083378832908,0.3975291488412758,-0.12404028881979423,-0.043983675791318295,0.11025623834436195
3.727633388410282,-0.40885020368437214,-1.3483589199369228,-1.3504872425911456,-1.6248322237548123,1.4747263937087365,0.053313333032016456,0.3636809904095977,0.038934909222001685,0.05260816683371675,-0.016415229492868305,-0.005820706634304364,0.014591077404475277,2.6424274475556433,0.28289263258008734,0.3822395661935345,-0.11926950848057137,-0.04229199595319066,0.10601561379265569
3.7472076320414094,-0.4012353891056956,-1.3475436941698866,-1.3493857238251752,-1.625175928628454,1.4746045187608952,0.053618843498244174,0.4137881490882534,0.04429927449258859,0.05985640315302884,-0.01867688333410794,-0.006622670659475188,0.016601403624647428,2.466265617718601,0.26403312374141485,0.35675692844729884,-0.11131820791519995,-0.03947252955631129,0.09894790620647866
3.7667818756725366,-0.39267759100581845,-1.3466275146033282,-1.348147798054954,-1.6255621963286297,1.4744675513815473,0.053962186971727756,0.45982926449635436,0.04922833786451567,0.06651646717746915,-0.020755010856474222,-0.007359557747262974,0.018448597996702384,2.228447147438594,0.23857278680920704,0.32235536748988064,-0.10058395215194856,-0.03566624992052412,0.08940650096513962
3.786356119303664,-0.38326764853694684,-1.3456201062826538,-1.3467866055913598,-1.6259869267083156,1.4743169454494218,0.05433971893670709,0.5006836603967866,0.05360212213603219,0.0724262478151649,-0.022599028834270604,-0.008013431497964976,0.02008769838582339,1.9377801282074727,0.2074545972253973,0.28030901520859186,-0.08746430621908562,-0.03101413036567314,0.0777447834479475
3.8059303629347907,-0.3731166498263921,-1.3445333620652478,-1.3453182158548156,-1.6264451056558265,1.4741544789276693,0.05474698247762414,0.535403072281223,0.05731910813642596,0.07744857414222373,-0.02416613607652311,-0.00856911495798657,0.021480659908703962,1.6030726515170917,0.17162153043191958,0.23189200349074407,-0.07235683514487994,-0.025657144211602343,0.06431613903421111
3.825504606565918,-0.36235255714738585,-1.3433809813184776,-1.3437611391903657,-1.6269309574222588,1.4739821998497928,0.05517884367908929,0.5632116473701225,0.060296234726023336,0.08147121540273367,-0.02542131342698024,-0.009014190619841225,0.02259635493354788,1.2331328088593039,0.13201656187070762,0.17837846422364942,-0.05565910395760003,-0.019736264778155644,0.04947395310323939
3.845078850197045,-0.35111683208989664,-1.3421781086176967,-1.342135838682752,-1.627438096948935,1.473802372305577,0.05562962702584764,0.5835059446127324,0.06246889879618937,0.08440688100876333,-0.02633732376411315,-0.00933900042215056,0.023410573080069226,0.836768691725954,0.08958266698369408,0.1210425292946191,-0.03776867768551415,-0.013392465385177018,0.033571611034340955
3.8646530938281725,-0.3395610607314452,-1.3409409724442476,-1.3404642419714887,-1.6279596821948463,1.4736174224270175,0.056093250802745305,0.5958549346870851,0.06379095526932754,0.08619322054036152,-0.026894712001115432,-0.009536645749644272,0.023906021219492295,0.422788391608905,0.04526282121281397,0.06115833059096541,-0.019083121356891476,-0.006766719352510519,0.016962498206824973
3.8842273374592997,-0.3278435788079206,-1.339686523883466,-1.3387692530659383,-1.6284885664640973,1.473429884374251,0.056563362494695804,0.6000000000000004,0.06423471709888005,0.08679282374555766,-0.02708180508590328,-0.009602987433160194,0.0240723234745517,4.010535818686456e-15,0.0,0.0,0.0,0.0,1.2532924433395174e-16
3.903801581090427,-0.31612609688439597,-1.3384320753226846,-1.3370742641603879,-1.6290174507333481,1.4732423463214845,0.057033474186646296,0.5958549346870852,0.06379095526932756,0.08619322054036152,-0.026894712001115425,-0.00953664574964427,0.02390602121949229,-0.42278839160889947,-0.04526282121281405,-0.061158330590965426,0.019083121356891528,0.006766719352510525,-0.016962498206824845
3.923375824721554,-0.30457032552594443,-1.3371949391492355,-1.3354026674491246,-1.6295390359792594,1.473057396442925,0.05749709796354397,0.5835059446127322,0.06246889879618933,0.08440688100876326,-0.02633732376411314,-0.009339000422150549,0.023410573080069202,-0.8367686917259477,-0.0895826669836944,-0.12104252929461894,0.03776867768551418,0.01339246538517701,-0.033571611034340886
3.942950068352681,-0.29333460046845533,-1.3359920664484546,-1.333777366941511,-1.6300461755059357,1.4728775688987092,0.05794788131030231,0.5632116473701232,0.060296234726023364,0.08147121540273368,-0.025421313426980244,-0.009014190619841232,0.02259635493354788,-1.2331328088592963,-0.13201656187070746,-0.17837846422364945,0.055659103957600015,0.019736264778155682,-0.0494739531032392
3.9625243119838083,-0.28257050778944914,-1.3348396857016844,-1.3322202902770612,-1.630532027272368,1.4727052898208328,0.05837974251176746,0.5354030722812232,0.05731910813642594,0.07744857414222377,-0.024166136076523105,-0.008569114957986566,0.021480659908703972,-1.6030726515170857,-0.17162153043191958,-0.23189200349074407,0.07235683514487988,0.025657144211602343,-0.06431613903421099
3.9820985556149355,-0.2724195090788944,-1.3337529414842784,-1.3307519005405168,-1.630990206219879,1.4725428232990803,0.05878700605268451,0.5006836603967872,0.05360212213603219,0.07242624781516495,-0.022599028834270632,-0.008013431497964983,0.020087698385823402,-1.9377801282074671,-0.2074545972253975,-0.28030901520859236,0.08746430621908569,0.031014130365673173,-0.07774478344794743
4.001672799246062,-0.2630095666100226,-1.332745533163604,-1.3293907080769225,-1.6314149365995647,1.4723922173669548,0.05916453801766385,0.45982926449635375,0.04922833786451557,0.06651646717746904,-0.020755010856474184,-0.007359557747262962,0.018448597996702332,-2.228447147438587,-0.23857278680920674,-0.32235536748988036,0.1005839521519484,0.03566624992052407,-0.08940650096513937
4.02124704287719,-0.2544517685101454,-1.3318293535970456,-1.3281527823067012,-1.6318012042997405,1.472255249987607,0.05950788149114743,0.41378814908825373,0.044299274492588546,0.05985640315302883,-0.01867688333410792,-0.006622670659475185,0.016601403624647418,-2.4662656177185975,-0.264033123741415,-0.35675692844729895,0.1113182079152,0.039472529556311337,-0.09894790620647861
4.040821286508317,-0.24683695393146887,-1.3310141278300094,-1.327051263540731,-1.6321449091733822,1.4721333750397656,0.05981339195737515,0.3636809904095978,0.038934909222001664,0.0526081668337167,-0.016415229492868277,-0.00582070663430436,0.01459107740447528,-2.642427447555643,-0.2828926325800879,-0.3822395661935349,0.11926950848057155,0.04229199595319076,-0.10601561379265563
4.060395530139444,-0.2402323382219106,-1.3303070517939257,-1.3260958747954197,-1.6324430173655715,1.472027668303666,0.06007837270035114,0.3108008764262891,0.03327367728554443,0.04495880947938624,-0.014028414593174434,-0.004974361517561376,0.012469498722512988,-2.748124545457867,-0.29420833788329126,-0.3975291488412766,0.1240402888197946,0.04398367579131832,-0.11025623834436198
4.079969773770571,-0.23467813809591453,-1.3297124310042525,-1.3252924336077812,-1.6326937136409385,1.4719387734469807,0.0603012102038101,0.25661330683301325,0.027472471947044424,0.037120322517870674,-0.011582585930167894,-0.0041070906011651635,0.010295464216597749,-2.774548819933415,-0.2970372642090916,-0.4013515445032111,0.12523298390459978,0.04440659575085021,-0.11131639448228821
4.099544017401699,-0.2301841968052677,-1.3292313192584797,-1.3246423638505112,-1.6328965537111066,1.4718668480107482,0.06048150955118359,0.20275619305324372,0.021706644501368288,0.029329637544983973,-0.009151672833712854,-0.0032451086231428234,0.0081346877760772,-2.712892179490446,-0.2904364361155557,-0.392432621292028,0.12245002870671944,0.04341978251194233,-0.10884269682712606
4.119118261032826,-0.22672660930991642,-1.3288611573341322,-1.324142207547063,-1.6330526165621342,1.4718115093953035,0.060620229825566356,0.15103985823924626,0.01617000427442149,0.021848626324521492,-0.006817386668396209,-0.0024173897676296285,0.006059800541809295,-2.5543465326371106,-0.2734628781607508,-0.36949824732041675,0.11529385819788542,0.040882262754751014,-0.10248175999956684
4.138692504663953,-0.22424434744878002,-1.328595411686773,-1.323783136686723,-1.63316465678196,1.4717717808462063,0.06071981950968272,0.10344703727206477,0.011074818623147223,0.014964100788257184,-0.004669220833526984,-0.0016556676648687937,0.004150350906161841,-2.290103787881548,-0.2451736149027422,-0.33127429070106296,0.10336690734982866,0.03665306315943198,-0.09188019862030147
4.15826674829508,-0.22263588511056967,-1.3284232131480078,-1.323550465039687,-1.6332372568878457,1.471746037440172,0.06078435188585278,0.06213287676153284,0.006651812935527674,0.008987813035946706,-0.002804450763137103,-0.0009944353912118042,0.00249280451301345,-1.9113558537319058,-0.20462567089959555,-0.27648661954665654,0.08627161113427975,0.030591210406141264,-0.0766846273100207
4.177840991926207,-0.2217558234046023,-1.3283289956234872,-1.3234231599721349,-1.63327697965382,1.4717319520710006,0.06081966043595881,0.02942493504627788,0.003150170630583998,0.00425645533532647,-0.0013281339259810369,-0.0004709454691182263,0.001180544257752729,-1.4092946386963283,-0.1508760707093795,-0.2038611019698852,0.06361040452297115,0.022555731175034975,-0.0565416606894158
4.197415235557334,-0.22141151583161608,-1.328292134790911,-1.3233733542613075,-1.633292520438122,1.4717264414355065,0.06083347424141156,0.007823182193699662,0.0008375331583753725,0.001131660122111629,-0.000353109825535394,-0.0001252098671556768,0.000313870287278461,-0.7751120512829758,-0.08298183889015882,-0.11212360608343577,0.034985722487634034,0.012405652146269168,-0.031097913379178506
4.216989479188461,-0.22135969345458867,-1.3282865867980314,-1.3233658579105818,-1.633294859510645,1.4717256120194475,0.06083555338311661,1.3345544885076226e-15,0.0,0.0,0.0,0.0,0.0,8.021071637372911e-15,0.0,0.0,0.0,0.0,2.506584886679035e-16
4.236935118948469,-0.22135637827412505,-1.3282877049469153,-1.323364708953811,-1.633295251611041,1.4717256087246195,0.06083549555149766,0.0004968165123396129,-0.00016756699519149582,0.0001721838982709577,-5.8760587390963526e-05,-4.937664769534809e-07,-8.666708656285432e-06,0.049453426450446376,-0.016679723532538895,0.017139292953437957,-0.005849065629963651,-4.914982401998564e-05,-0.0008626896016050248
4.256880758708477,-0.2213334609118136,-1.3282954345481763,-1.323356766382091,-1.6332979621442811,1.4717255859479506,0.06083509576989341,0.0019583607463868036,-0.0006605187581782527,0.0006787177542585399,-0.00023162359728984204,-1.9463380590828673e-06,-3.4162596474325826e-05,0.09674100940671262,-0.03262894822423667,0.03352795993811221,-0.011441967801680717,-9.614710100259965e-05,-0.0016875971768623844
4.276826398468485,-0.22127212796138532,-1.328316121014818,-1.3233355099499176,-1.6333052162513892,1.4717255249915329,0.06083402584810299,0.004341751208722095,-0.0014643921565499019,0.001504739938936216,-0.0005135172543450793,-4.3150965092596685e-06,-7.573961784576792e-05,0.14189459950841904,-0.0478584167051057,0.04917703957121046,-0.016782473624831304,-0.00014102348605133278,-0.0024752783438066034
4.296772038228493,-0.22115441497984437,-1.3283558234202772,-1.3232947136407462,-1.6333191386629176,1.4717254080012099,0.06083197240565343,0.007604741687310002,-0.002564938326524374,0.00263560899555933,-0.0008994449206177344,-7.558054971646186e-06,-0.0001326608093194192,0.18494604739518591,-0.062378871605158336,0.0640975704699204,-0.02187435020909549,-0.0001838106342696758,-0.0032262887204722057
4.316717677988501,-0.22096319381637453,-1.3284203187721504,-1.3232284412755162,-1.63334175519761,1.4717252179539835,0.06082863665075893,0.01170572125149903,-0.003948122672947905,0.004056903639665101,-0.0013844850955814824,-1.1633857971695515e-05,-0.00020420028960124804,0.22592720370663352,-0.07620105555440697,0.07830059125142974,-0.02672136466415339,-0.00022454020076111947,-0.0039411839248937154
4.336663317748508,-0.22068215994124568,-1.328515106285916,-1.3231310421211724,-1.6333749942610654,1.4717249386454199,0.06082373415928009,0.01660371425202168,-0.0056001248692950315,0.005754422759072621,-0.0019637914161226146,-1.6501781416151542e-05,-0.00028964325955438354,0.2648699190823822,-0.08933571118286397,0.09179714053292619,-0.0313272840996851,-0.00026324384062915453,-0.004620519575105659
4.3566089575085165,-0.22029581977472013,-1.3286454116586612,-1.3229971464991896,-1.6334206883444018,1.471724554677057,0.06081699465368329,0.022258380320994444,-0.007507338857668588,0.007714185413882859,-0.0026325926565400355,-2.2121732593048945e-05,-0.0003882860021991156,0.3018060441620522,-0.10179358112054168,0.10459825693159742,-0.035695875625370695,-0.0002999532089772718,-0.00526485128914256
4.376554597268524,-0.21978947801595886,-1.3288161913428067,-1.3228216613940946,-1.6334805755229203,1.4717240514438106,0.06080816178199988,0.028630014371917804,-0.009656372848799716,0.009922430836478655,-0.003386192728545269,-2.84542501717132e-05,-0.0004994358827128948,0.3367674295852639,-0.1135854079974525,0.11671497906463117,-0.0398309063508903,-0.0003346999609089619,-0.005874734685038942
4.3965002370285315,-0.2191492249719281,-1.3290321368198306,-1.3225997660619893,-1.6335563009547682,1.4717234151213816,0.06079699289678553,0.035679546599676246,-0.012034049322047859,0.01236561843152473,-0.004219970681262452,-3.5460504202760566e-05,-0.0006224113484303328,0.3697859259916375,-0.12472193444360878,0.12815834554921515,-0.043736143385924,-0.00036751575152771577,-0.00645072538082933
4.41644587678854,-0.21836192388630554,-1.3292976788739934,-1.3223269076390736,-1.6336494183796035,1.471722632653662,0.06078325883407949,0.043368542480538216,-0.014627405025400752,0.015030427775967664,-0.005129380701228336,-4.31022961180981e-05,-0.0007565419288432015,0.4008933840207933,-0.1352139030890229,0.138939395002537,-0.04741535384015188,-0.000398432235937024,-0.006993378994548248
4.4363915165485475,-0.21741519826838673,-1.3296169918660645,-1.321998796750169,-1.6337613916172582,1.471721691740143,0.06076674369236388,0.051659202772156194,-0.017423690975474453,0.01790375861903594,-0.006109952112392293,-5.134205873092365e-05,-0.0009011682356004345,0.4301216543123517,-0.14507205656370722,0.14906916604178447,-0.050872304823254055,-0.0004274810692403775,-0.007503251144230221
4.456337156308556,-0.21629741922199155,-1.3299939980070448,-1.3216114031172408,-1.633893596066402,1.4717205808233196,0.06074724461152298,0.06051436351356663,-0.020410372457513298,0.020972730882239884,-0.0071572893761163055,-6.014285623572587e-05,-0.0010556419625081252,0.4575025875059329,-0.15430713749767414,0.15855869728414526,-0.05411076344491062,-0.00045469390654126696,-0.007980897447909776
4.476282796068563,-0.21499769277437045,-1.330432371631893,-1.3211609511679216,-1.634047320203207,1.4717192890760988,0.060724571551802484,0.06989749602518996,-0.023575129025389937,0.024224684659371717,-0.008267072091174974,-6.946838420828419e-05,-0.0012193258855295284,0.4830680342411573,-0.16292988852093598,0.16741902734680703,-0.057134496814801664,-0.00048010240294318315,-0.008426873523621434
4.496228435828571,-0.21350584720511082,-1.3309355434732504,-1.3206439156440344,-1.6342237670800097,1.471717806389206,0.06069854707276885,0.07977270690883062,-0.026905854501605316,0.027647180216505526,-0.009435054993755512,-7.92829696056688e-05,-0.0013915938627850593,0.506849845157645,-0.17095105226350513,0.17566119484695752,-0.05994727204260728,-0.0005037382135496167,-0.008841734989399719
4.516174075588579,-0.21181242037504344,-1.3315067049351645,-1.3200570172101145,-1.6344240558239762,1.471716123358592,0.06066900611226854,0.09010473804767707,-0.030390656977288703,0.031227997991997283,-0.010657067957457758,-8.95515707662408e-05,-0.0015718308345522946,0.5288798708950164,-0.17838137135539398,0.18329623840178444,-0.06255285623800758,-0.0005256329934640586,-0.00922603746327916
4.536119715348587,-0.2099086470551489,-1.3321488123668161,-1.319397218061934,-1.6346492231357659,1.4717142312728386,0.06063579576538728,0.10085896660630168,-0.03401785881219763,0.03495513859648481,-0.01192901599329415,-0.00010023977740965189,-0.0017594328232659708,0.549189962092892,-0.18523158842661483,0.19033519662847545,-0.06495501651068264,-0.0005458183977899994,-0.009580336563294276
4.556065355108595,-0.20778644625546372,-1.332864591336242,-1.3186617175350237,-1.6349002247881945,1.4717121221005662,0.06059877506340941,0.1120014050306609,-0.037775996634717965,0.03881682281288783,-0.013246879249689756,-0.00011131381063684477,-0.0019538069335179858,0.5678119693908916,-0.19151244610718016,0.19678910814421832,-0.06715751997031258,-0.0005643260816309301,-0.009905187907479593
4.576010994868603,-0.20543840855398704,-1.3336565409040613,-1.3178479477131966,-1.6351779371248985,1.4717097884778407,0.06055781475277714,0.12349870104809517,-0.04165382134186387,0.04280149159640793,-0.014606713012482257,-0.0001227405229300528,-0.0021543713520573984,0.5847777434286361,-0.19723468702710226,0.20266901156620068,-0.06916413372657748,-0.0005811877000903412,-0.010201147113869637
4.59595663462861,-0.20285778342558672,-1.3345269378971993,-1.3169535690370702,-1.6354831585589982,1.4717072236955795,0.060512797074049815,0.13531813766732875,-0.04564029809927778,0.04689780607452856,-0.016004647704921934,-0.00013448739815280012,-0.002360555347790427,0.6001191348457453,-0.20240905381639354,0.20798594551161023,-0.07097862488915746,-0.0005964349082717235,-0.010468769800498934
4.615902274388619,-0.20003846657090585,-1.3354778411826131,-1.315976465912591,-1.635816611071762,1.4717044216869581,0.06046361554086323,0.14742763317847024,-0.0497246063412305,0.05109464754701508,-0.01743688888767172,-0.00014652255154990184,-0.0025717992717804537,0.6138679942818397,-0.2070462891050663,0.21275094859763474,-0.07260476056773256,-0.0006100993612785681,-0.010708611585402006
4.635847914148626,-0.19697498724526913,-1.3365110959410165,-1.3149147423195553,-1.6361789417112709,1.4717013770148182,0.060410174718888904,0.1597957411530119,-0.053896139770621056,0.05538111748591471,-0.01889971725880712,-0.00015881472974746364,-0.002787554557248019,0.6260561723765398,-0.21115713552313303,0.21697505944146192,-0.07404630787198295,-0.0006222127142143653,-0.010921228086613378
4.655793553908634,-0.19366249558758913,-1.3376283379406038,-1.3137667174201344,-1.63657072409108,1.4716980848590722,0.060352390004793366,0.17239165044383006,-0.05814450635897681,0.05974653753555648,-0.02038948865381628,-0.00017133331075288208,-0.0030072837195708217,0.6367155197694656,-0.21475233570060598,0.22066931666027934,-0.07530703391158867,-0.000632806622182606,-0.011107174922167572
4.675739193668642,-0.19009674994927278,-1.3388309978107762,-1.3125309211673957,-1.636992459888885,1.471694541004112,0.06029018740519743,0.1851851851851852,-0.06245952834645345,0.06418044951255139,-0.021902634045599962,-0.00018404830395484453,-0.0032304603562837283,0.6458778871002373,-0.21784263226749756,0.2238447588712748,-0.07639070579622986,-0.0006419127402867812,-0.01126700771009912
4.69568483342865,-0.18627410422312765,-1.3401203053158655,-1.3112060899138271,-1.637444580345184,1.4716907418262144,0.060223503315635515,0.19814680479272156,-0.06683124224183491,0.06867261540579227,-0.02343565954447153,-0.00019693035012332917,-0.0034565691470787594,0.6535751250084756,-0.22043876785382022,0.22651242469163604,-0.0773010906355866,-0.0006495627236303813,-0.011401282068442537
4.715630473188658,-0.18219149517226835,-1.3414972936288596,-1.309791162019859,-1.6379274477619419,1.4716866842809482,0.06015228429951488,0.21124760396346762,-0.07124989882253352,0.07321301737645385,-0.02498514639815698,-0.0002099507214096049,-0.0036851058538051006,0.6598390841338004,-0.22255148508958617,0.22868335273855067,-0.07804195553933899,-0.0006557882273168973,-0.011510553615232353
4.7355761129486655,-0.17784642975902293,-1.3429628036051269,-1.308285273462388,-1.6384413570012548,1.4716823658905809,0.06007648686707496,0.22445931267583563,-0.07570596313458978,0.07779185775799267,-0.026547750991794915,-0.00022308132134623147,-0.003915577320469096,0.6647016151158325,-0.22419152660480787,0.23036858162920645,-0.07861706761716708,-0.00066062090644982,-0.011595377968503094
4.755521752708673,-0.17323697247383918,-1.3445174880561417,-1.3066877534432992,-1.6389865369840122,1.4716777847314853,0.0599960772543466,0.237754296189622,-0.08019011449267263,0.08239955905614722,-0.02812020484793655,-0.0002362946848470595,-0.004147501473234252,0.6681945685941916,-0.22536963502949772,0.23157914998079107,-0.07903019397875104,-0.00066409241613264,-0.011656310746289278
4.7754673924686815,-0.1683617326641911,-1.3461618160232085,-1.3049981199979899,-1.6395631521885627,1.4716729394215462,0.0599110312021114,0.2511055550460069,-0.08469324648007917,0.08702676394893778,-0.02969931462654571,-0.00024956397820723007,-0.004380407320421232,0.6703497952084982,-0.22609655299366807,0.2323260964104922,-0.07928510173377093,-0.000666234411468848,-0.011693907566625436
4.795413032228689,-0.16321985186348514,-1.3478960770511879,-1.3032160756038917,-1.640171304149376,1.4716678291075675,0.05982133373486095,0.2644867250675549,-0.08920646694873495,0.09166433528666665,-0.03128196212499887,-0.0002628629991031756,-0.004613834952507869,0.6711991455983728,-0.22638302312733127,0.2326204595354976,-0.07938555799190682,-0.0006670785475619348,-0.011708724047546089
4.815358671988697,-0.15781099111996663,-1.3497203854622195,-1.3013415027889947,-1.640811032955708,1.471662453452678,0.059726978939756134,0.2778720773582142,-0.09372109801919372,0.09630335609191785,-0.03286510427808508,-0.00027616617659261884,-0.0048473355421291475,0.6707744704034354,-0.22623978806049963,0.23247327797299489,-0.07933532986283888,-0.0006666564795153913,-0.011701315807085761
4.835304311748705,-0.1521353183256262,-1.3516346846294494,-1.2993744597403694,-1.6414823187502638,1.4716568126237395,0.059627969745586415,0.291236518303317,-0.09822867608063754,0.10093512955955733,-0.034445773158006024,-0.0002894485711145734,-0.005080471344077216,0.6691076202633066,-0.2256775904231857,0.23189559034017182,-0.07913818445624715,-0.0006649998624327083,-0.01167223846327898
4.855249951508712,-0.1461934955451062,-1.3536387512507526,-1.2973151759126897,-1.6421850832278617,1.4716509072787516,0.05952431770172913,0.3045555895695796,-0.10272095179087681,0.10555117905673293,-0.03602107597437599,-0.0003026858744893439,-0.0053128156953013836,0.6662304458176065,-0.22470717284540162,0.2308984352542161,-0.07879788888181173,-0.0006621403514173764,-0.01162204763416027
4.875195591268721,-0.13998666634460666,-1.3557321996224596,-1.2951640476367572,-1.642919191134097,1.4716447385542604,0.05941604275710877,0.3178054681051025,-0.10718989007635021,0.11014324812287438,-0.03758819507422191,-0.0003158544099185256,-0.005543953014908122,0.6621747977059556,-0.2233392779571599,0.22949285133231545,-0.07831821024921273,-0.0006581096015728864,-0.01155129893776415
4.895141231028728,-0.1335164431207923,-1.3579144859130805,-1.292921633728022,-1.6436844517640057,1.4716383080527633,0.05930317303915624,0.3309629661393698,-0.11162767013212473,0.11470330046969325,-0.039144387941983314,-0.0003289311319850046,-0.005773478804161064,0.6569725265679739,-0.22158464838847292,0.22768987719165754,-0.07770291566813027,-0.0006529392680027291,-0.011460547992125151
4.915086870788736,-0.12678489442969848,-1.3601849124370298,-1.290588651095108,-1.6444806204607278,1.4716316178301176,0.05918574463276819,0.3440055311832499,-0.11602668542189566,0.11922351998118297,-0.040686987199512324,-0.0003418936266529577,-0.006000999646481,0.6506554830432819,-0.21945402676935302,0.22550055144943004,-0.0769557722482444,-0.0006466610058103952,-0.011350350415277795
4.935032510548744,-0.11979453231563743,-1.3625426319283518,-1.2881659703483337,-1.6453074001141728,1.4716246703829454,0.05906380135926627,0.35691124602899504,-0.1203795436779866,0.12369631071361893,-0.042213400606073724,-0.0003547201112678526,-0.006226133207445882,0.6432555177714998,-0.21695815572981253,0.22293591272282076,-0.07608054709923522,-0.0006393064700993753,-0.011221261825256604
4.954978150308752,-0.11254829964010522,-1.3649866518144447,-1.2856546114082374,-1.6461644426596804,1.471617468636042,0.058937394555356404,0.3696588287502413,-0.12467906690134939,0.12811429689555823,-0.043721111058344864,-0.00036738943455644777,-0.006448508234790823,0.634804481392248,-0.21410777789986382,0.2200069996290173,-0.07508100733078288,-0.0006309073159731607,-0.011073837840096105
4.974923790068759,-0.10504955741068749,-1.3675158384897865,-1.2830557391140984,-1.647051350576688,1.4716100159297807,0.05880658285208813,0.38222763270200916,-0.12891829136156424,0.13247032292784,-0.045207676590415746,-0.00037988107662679225,-0.006667764558408099,0.6253342245451464,-0.21091363590951936,0.21672485078520734,-0.07396092005256745,-0.0006214951985352415,-0.010908634077830829
4.994869429828768,-0.0973020721099661,-1.3701289215896588,-1.2803706588324606,-1.6479676783873909,1.4716023160075213,0.05867143195381383,0.3945976465207028,-0.13309046759683973,0.13675745338358525,-0.04667073037378901,-0.0003921751489682265,-0.006883553090347146,0.614876597869816,-0.20738647238879143,0.21310050480857867,-0.07272405237426897,-0.0006111017728891089,-0.010726206156495287
5.014815069588775,-0.08931000302442565,-1.3728244982638724,-1.2776008120656557,-1.6489129341554087,1.4715943730030159,0.058532014417148025,0.4067494941241104,-0.13718906041401255,0.14096897300819675,-0.04810798071737983,-0.0004042523944513811,-0.00709553582481456,0.6034634520058764,-0.2035370299676923,0.2091450003163189,-0.07137417140556762,-0.0005997586941382533,-0.010527109694124006
5.034760709348784,-0.08107788957335946,-1.3756010374504921,-1.274747772060326,-1.6498865809844476,1.4715861914278152,0.05838840942992669,0.4186644347114042,-0.14120774888854784,0.14509838671935918,-0.04951721106751607,-0.0004160941873281775,-0.007303385838174094,0.5911266375929483,-0.19937605127623456,0.20486937592561585,-0.06991504425614345,-0.000587497617386166,-0.010311900308751525
5.054706349108791,-0.07261063863777636,-1.3784568841495612,-1.271813239415947,-1.650888038516965,1.4715777761586764,0.058240702590166504,0.43032436276314057,-0.14514042636453903,0.14913941960703922,-0.05089628000793819,-0.0004276825332318285,-0.0075067872889466696,0.577898005270652,-0.19491427894443045,0.20028467025365704,-0.06835043803567659,-0.0005743501977363371,-0.01008113361841235
5.0746519888687995,-0.0639135118893068,-1.3813902636968263,-1.2687990376933511,-1.6519166844328328,1.4715691324249687,0.05808898568502418,0.44171180804125953,-0.14898120045470775,0.1530860169334852,-0.05224312125979922,-0.00043900006917683705,-0.007705435417810363,0.5638094056786077,-0.19016245560229245,0.19540192191763045,-0.06668411985384706,-0.000560348090292258,-0.009835365241141016
5.094597628628807,-0.054992113119109176,-1.384399286037463,-1.2657071090232503,-1.6529718559480007,1.471560265796081,0.05793335646975568,0.4528099355890851,-0.15272439304040403,0.15693234413322743,-0.05355574368166489,-0.00045003006355899707,-0.007899036547600413,0.5488926894564357,-0.1851313238798327,0.19023216953472358,-0.06491985682033508,-0.0005455229501574191,-0.009575150794972051
5.114543268388815,-0.045852375566776266,-1.3874819499998001,-1.2625395097147587,-1.6540528513131612,1.4715511821688274,0.05777391844667557,0.46360254573132603,-0.1563645402716062,0.1606727868130782,-0.054832231269513476,-0.0004607564161553935,-0.00808730808330922,0.5331797072437565,-0.1798316264070638,0.1847864517221241,-0.06306141604482066,-0.0005299064324353111,-0.009301045897939968
5.134488908148823,-0.036500549249241954,-1.3906361475690443,-1.2592984058639163,-1.6551589313124124,1.4715418877548552,0.05761078064411629,0.4740740740740742,-0.15989639256692084,0.16430195075213158,-0.056070743156735915,-0.0004711636581244021,-0.008269978512086346,0.5167023096801899,-0.17427410581399805,0.17907580709701978,-0.061112564636983883,-0.000513530192229425,-0.009013606168079297
5.1544345479088305,-0.026943188289686892,-1.3938596681610056,-1.2559860689622113,-1.656289320761922,1.4715323890680507,0.05744405739538739,0.48420959150480547,-0.16331491461358283,0.16781466190176347,-0.0572695136141357,-0.00048123695200568887,-0.008446787403238508,0.49949234740535675,-0.1684695047306478,0.17311127427659845,-0.05907706970650491,-0.0004964258846432512,-0.008713387223424567
5.174380187668838,-0.017187138246445438,-1.397150202895822,-1.2526048715051035,-1.6574432100085916,1.4715226929119465,0.05727386811773489,0.4939948041923807,-0.16661528536745548,0.1712059663856317,-0.05842685204992903,-0.0004909620917202112,-0.008617485408229594,0.48158167105887695,-0.16242856578702547,0.1669038918780476,-0.05695869836306382,-0.00047862516478028105,-0.008400944682010292
5.194325827428846,-0.007239523441911866,-1.400505348871684,-1.249157282600547,-1.6586197564287193,1.4715128063671274,0.0571003370913005,0.5034160535870434,-0.1697928980530302,0.17447113049967597,-0.059541143009744626,-0.000500325502570217,-0.008781834260680643,0.4630021312803708,-0.15616203161314332,0.16046469851855502,-0.05476121771634066,-0.00046015968774400494,-0.008076834161871011
5.214271467188854,0.002892265708553332,-1.4039226134385605,-1.2456458635775136,-1.6598180859266642,1.471502736778638,0.056923593238080966,0.5124603164204224,-0.1728433601634269,0.17760564071211796,-0.060610846176623906,-0.0005093142412392452,-0.008939606776369865,0.44378557870945873,-0.14968064483901375,0.15380473281530838,-0.05248839487601559,-0.00044106110863791336,-0.007741611281041229
5.234217106948861,0.01320058536771715,-1.407399418471922,-1.2420732635945149,-1.6610372944335108,1.4714924917433885,0.05674376990088729,0.521115204705529,-0.17576249346039355,0.1806052036634609,-0.061634496371020815,-0.0005179159957921248,-0.009090586853232612,0.42396386398576136,-0.14299514809464928,0.14693503338549557,-0.050143996951768716,-0.00042136108256549793,-0.007395831657555497
5.25416274670887,0.02367755094756735,-1.4109331046464673,-1.2384422152481265,-1.6622764494057314,1.4714820790975625,0.05656100462230407,0.5293689657367602,-0.17854633397430678,0.1834657461664903,-0.06261070355080203,-0.0005261190856749772,-0.009234569471361427,0.4035688377488981,-0.13611628401006193,0.1398666388463039,-0.04773179105328003,-0.000401091264630248,-0.00704005090944831
5.274108386468877,0.034315049780406476,-1.4145209357098467,-1.2347555301815099,-1.6635345913238506,1.4714715069040225,0.05637543892364876,0.5372104820898956,-0.18119113200417108,0.1861834152062733,-0.06353815281124671,-0.0005339124617152123,-0.00937136069300598,0.3826323506384903,-0.12905479521526453,0.13261058781492144,-0.04525554429022971,-0.0003802833099356558,-0.006674824654754212
5.294054026228886,0.04510475378994547,-1.4181601027563884,-1.231016094692936,-1.6648107351911094,1.4714607834397175,0.05618721808393097,0.5446292716220996,-0.18369335211761972,0.18875457794015899,-0.06441560438504676,-0.000541285706121533,-0.009500777662573128,0.3611862532941574,-0.12182142434026899,0.12517791890853555,-0.04271902377229785,-0.00035896887358521077,-0.006300708511507722
5.313999665988893,0.05603813216239681,-1.4218477285008222,-1.2272268653443084,-1.6661038720321284,1.4714499171830895,0.05599649091881172,0.5516154874719201,-0.18604967315091367,0.1911758216977782,-0.06524189364230655,-0.0005482290324839312,-0.009622648606626871,0.33926239635552063,-0.11442691401508823,0.11757967074433455,-0.04012599660916461,-0.000337179610682405,-0.005918258097743372
5.333945305748902,0.0671064640175689,-1.4255808715520049,-1.2233908645696856,-1.6674129703915714,1.4714389168014794,0.055803409559562756,0.5581599180592893,-0.1882569882089429,0.19344395398104386,-0.06601593109054324,-0.000554733285773691,-0.009736812833888386,0.31689263046219934,-0.10688200686973405,0.10982688193950545,-0.037480229910509914,-0.00031494717633072817,-0.005528029031495669
5.353890945508909,0.07830085107995896,-1.4293565306866454,-1.2195111762838045,-1.66873697783281,1.4714277911385352,0.05560812923202584,0.5642539870855235,-0.19031240466522523,0.19555600246415067,-0.06673670237468651,-0.0005607899423433867,-0.009843120735236,0.29410880625381397,-0.09919744553421907,0.10193059111123615,-0.03478549078601397,-0.00029230322563367174,-0.005130576930799149
5.373836585268917,0.08961223034984736,-1.4331716491230289,-1.2155909414906032,-1.6700748224365867,1.4714165492016171,0.055410808035572016,0.5698897535333225,-0.1922132441619068,0.19750921499357516,-0.06740326827707861,-0.000566391109926883,-0.0099414337837052,0.2709427743699852,-0.09138397263855572,0.0939018368767145,-0.03204554634535687,-0.0002692794136947258,-0.004726457413688334
5.393782225028925,0.10103138677439058,-1.437023118794742,-1.211633353891744,-1.6714254142996783,1.4714052001492055,0.055211606722060894,0.5750599116667706,-0.1939570426097622,0.1993010595880758,-0.0680147647174745,-0.000571529527639336,-0.010031624534488637,0.24742638545033352,-0.0834523308127564,0.08575165785312817,-0.029264163698218746,-0.000245907395617382,-0.004316226098197757
5.413727864788933,0.11254896591871535,-1.4409077846243985,-1.2076416554951366,-1.672787647033561,1.4713937532783066,0.05501068847479995,0.5797577910313356,-0.19554155018819427,0.20092922443869282,-0.06857040275304173,-0.0005761985659771925,-0.010113576624936123,0.22359149013447827,-0.0754132626868331,0.07749109265766482,-0.026445109954279625,-0.0002222188265051301,-0.0039004386023619186
5.43367350454894,0.1241554866370119,-1.4448224487973624,-1.2036191322234608,-1.6741603992630727,1.4713822180118603,0.054808218687503796,0.5839773564538697,-0.1969647313452341,0.20239161790874846,-0.06906946857836037,-0.0005803922268181896,-0.010187184774554629,0.19946993906204116,-0.06727751089079892,0.06913117990751234,-0.023592152223219698,-0.0001982453614614626,-0.003479650544215383
5.453619144308949,0.13584135374362796,-1.4487638750354748,-1.1995691095226895,-1.675542536125078,1.4713706038861458,0.05460436474325349,0.5877132080426094,-0.19822476479754123,0.20368636853384686,-0.0695113235254233,-0.0005841051434213561,-0.0102523547850083,0.17509358287264076,-0.059055818054665365,0.06068295821985799,-0.020709057614718883,-0.00017401865558986735,-0.0030544175417926353
5.473564784068956,0.14759687068416202,-1.452728792870777,-1.1954949479706116,-1.6769329107671311,1.4713589205381887,0.0543992957934558,0.5909605811871742,-0.1993200435304034,0.20481182502187395,-0.06989540406363581,-0.0005873325804270108,-0.010309003540118416,0.1504942722058993,-0.050758926808445404,0.052157466211889776,-0.017799593238457433,-0.00014957036399383797,-0.002625295213128225
5.493510423828964,0.15941225220655766,-1.456713901919237,-1.1914000388853554,-1.6783303658461395,1.471347177693168,0.054193182536802484,0.5937153465585683,-0.20024917479773635,0.2057665562529974,-0.07022122179981592,-0.000590070433856763,-0.01035705900586343,0.12570385770143513,-0.04239757978215129,0.04356574250079548,-0.014867526204115416,-0.00012493214177686349,-0.0021928391762566658
5.513456063588972,0.17127763703219598,-1.4607158761544732,-1.1872877999339115,-1.679733735027029,1.471335385151822,0.053986196998229596,0.5959740101091798,-0.20101098012208482,0.2065493512796671,-0.0704883634781943,-0.0005923152311135143,-0.010396460230378973,0.10075418999886941,-0.033982519605795194,0.03491882570376243,-0.011916623621372894,-0.00010013564404243511,-0.0017576050492124685
5.5334017033489795,0.18318310052698997,-1.464731368181479,-1.1831616707406554,-1.6811418444814055,1.4713235527778563,0.05377851230787677,0.5977337130727807,-0.20160449529462113,0.2071592193266144,-0.07069649098041411,-0.0005940641309814557,-0.01042715734395781,0.07567711973782348,-0.02552448890938971,0.02622775443797886,-0.008950652599910028,-7.521252589404424e-05,-0.0013201484500301973
5.553347343108988,0.19511866737247904,-1.46875701351035,-1.1790251084958703,-1.6825535143862205,1.4713116904853494,0.05357030248004649,0.5989922319645269,-0.20202897037514647,0.20759538979085287,-0.07084534132553126,-0.0005953149236260693,-0.010449111559049878,0.050504497557916125,-0.017034230322947107,0.017503567320631856,-0.0059733802494068644,-5.0194442435180744e-05,-0.0008810249967443364
5.573292982868995,0.20707432423692015,-1.4727894348300052,-1.1748815835642707,-1.6839675604224342,1.471299808226159,0.05336174219216338,0.5997479785809586,-0.20228386969208997,0.20785731224167783,-0.07093472667001413,-0.0005960660305941283,-0.010462295170262287,0.025268174098768626,-0.008522486476479758,0.008757302968910008,-0.002988573679543494,-2.5113048769335973e-05,-0.00044079030738944174
5.593238622629004,0.21904003244638473,-1.4768252462819151,-1.1707345750935256,-1.6853827952736793,1.4712879159773307,0.0531530065637335,0.6,-0.20236887184250918,0.20794465642066648,-0.07096453430774388,-0.0005963165048136963,-0.010466691554359283,0.0,0.0,-2.344639610841361e-16,0.0,0.0,-7.326998783879254e-18
5.613184262389011,0.23100574065584892,-1.480861057733825,-1.1665875666227807,-1.6867980301249244,1.471276023728502,0.05294427093530362,0.5997479785809589,-0.20228386969209,0.20785731224167792,-0.07093472667001417,-0.0005960660305941283,-0.010462295170262289,-0.025268174098767998,0.00852248647647955,-0.00875730296891004,0.0029885736795434684,2.511304876933537e-05,0.0004407903073894113
5.633129902149019,0.24296139752029053,-1.4848934790534805,-1.1624440416911812,-1.688212076161138,1.4712641414693117,0.05273571064742051,0.5989922319645269,-0.20202897037514642,0.20759538979085287,-0.07084534132553123,-0.0005953149236260691,-0.010449111559049878,-0.05050449755791604,0.017034230322947003,-0.017503567320632227,0.005973380249406851,5.019444243518067e-05,0.0008810249967443285
5.653075541909027,0.25489696436577913,-1.488919124382351,-1.1583074794463961,-1.6896237460659531,1.4712522791768048,0.052527500819590234,0.5977337130727809,-0.20160449529462116,0.20715921932661444,-0.07069649098041414,-0.0005940641309814559,-0.010427157343957815,-0.0756771197378234,0.025524488909389607,-0.026227754437978996,0.008950652599910073,7.521252589404417e-05,0.001320148450030182
5.673021181669035,0.2668024278605734,-1.492934616409357,-1.15418135025314,-1.6910318555203296,1.471240446802839,0.052319816129237404,0.5959740101091796,-0.20101098012208468,0.20654935127966695,-0.07048836347819427,-0.0005923152311135139,-0.010396460230378969,-0.1007541899988695,0.03398251960579506,-0.03491882570376253,0.011916623621372848,0.00010013564404243472,0.0017576050492124618
5.692966821429042,0.27866781268621144,-1.496936590644593,-1.150069111301696,-1.6924352247012189,1.4712286542614932,0.05211283059066452,0.5937153465585685,-0.20024917479773638,0.2057665562529974,-0.07022122179981596,-0.0005900704338567633,-0.010357059005863435,-0.12570385770143497,0.042397579782151085,-0.043565742500795514,0.01486752620411539,0.0001249321417768629,0.0021928391762566497
5.712912461189051,0.29048319420860713,-1.5009216996930532,-1.14597420221644,-1.6938326797802274,1.4712169114164724,0.051906717334011206,0.590960581187174,-0.19932004353040333,0.204811825021874,-0.0698954040636358,-0.0005873325804270104,-0.010309003540118414,-0.15049427220589914,0.05075892680844555,-0.05215746621189005,0.017799593238457465,0.00014957036399383783,0.002625295213128209
5.732858100949058,0.30223871114914125,-1.5048866175283555,-1.1419000406643622,-1.6952230544222806,1.4712052280685153,0.05170164838421351,0.5877132080426094,-0.1982247647975411,0.20368636853384686,-0.06951132352542326,-0.0005841051434213556,-0.010252354785008291,-0.17509358287264062,0.05905581805466504,-0.06068295821985814,0.020709057614718796,0.0001740186555898672,0.003054417541792605
5.752803740709066,0.31392457825575715,-1.5088280437664678,-1.1378500179635909,-1.6966051912842859,1.4711936139428008,0.051497794439963204,0.58397735645387,-0.19696473134523404,0.20239161790874838,-0.06906946857836033,-0.0005803922268181897,-0.010187184774554629,-0.19946993906204052,0.06727751089079859,-0.06913117990751214,0.023592152223219556,0.00019824536146146153,0.0034796505442153524
5.772749380469074,0.32553109897405397,-1.5127427079394318,-1.133827494691915,-1.6979779435137976,1.4711820786763545,0.051295324652667056,0.5797577910313356,-0.19554155018819416,0.20092922443869266,-0.0685704027530417,-0.0005761985659771921,-0.01011357662493612,-0.2235914901344777,0.07541326268683299,-0.07749109265766498,0.02644510995427961,0.00022221882650513047,0.003900438602361904
5.792695020229082,0.3370486781183786,-1.516627373769088,-1.1298357962953076,-1.6993401762476803,1.4711706318054556,0.051094406405406106,0.5750599116667707,-0.1939570426097622,0.19930105958807576,-0.06801476471747452,-0.0005715295276393362,-0.010031624534488635,-0.2474263854503334,0.08345233081275641,-0.08575165785312833,0.029264163698218736,0.0002459073956173815,0.004316226098197726
5.812640659989089,0.34846783454292185,-1.5204788434408014,-1.1258782086964483,-1.700690768110772,1.471159282753044,0.050895205091894984,0.5698897535333227,-0.19221324416190677,0.19750921499357516,-0.06740326827707865,-0.0005663911099268829,-0.0099414337837052,-0.27094277436998504,0.09138397263855562,-0.09390183687671488,0.032045546345356904,0.00026927941369472657,0.004726457413688319
5.832586299749098,0.3597792138128102,-1.524293961877185,-1.121957973903247,-1.7020286127145483,1.471148040816126,0.05069788389544116,0.5642539870855243,-0.19031240466522548,0.19555600246415092,-0.0667367023746866,-0.0005607899423433871,-0.009843120735236004,-0.2941088062538152,0.0991974455342192,-0.10193059111123652,0.034785490786014006,0.00029230322563367255,0.0051305769307991335
5.852531939509106,0.3709736008752005,-1.5280696210118254,-1.1180782856173659,-1.7033526201557871,1.4711369151531817,0.05050260356790424,0.5581599180592893,-0.18825698820894288,0.19344395398104386,-0.06601593109054323,-0.000554733285773691,-0.009736812833888381,-0.3168926304621993,0.10688200686973395,-0.10982688193950546,0.0374802299105099,0.0003149471763307276,0.005528029031495639
5.8724775792691135,0.38204193273037235,-1.531802764063008,-1.1142422848427431,-1.7046617185152302,1.4711259147715716,0.05030952220865529,0.5516154874719205,-0.186049673150914,0.19117582169777828,-0.06524189364230665,-0.0005482290324839316,-0.009622648606626876,-0.33926239635552147,0.11442691401508824,-0.1175796707443348,0.04012599660916466,0.0003371796106824049,0.005918258097743364
5.892423219029121,0.392975311102824,-1.535490389807442,-1.1104530554941154,-1.7059548553562491,1.4711150485149436,0.05011879504353603,0.5446292716220996,-0.18369335211761975,0.18875457794015896,-0.06441560438504675,-0.000541285706121533,-0.009500777662573135,-0.36118625329415743,0.12182142434026909,-0.12517791890853602,0.04271902377229787,0.0003589688735852108,0.006300708511507714
5.912368858789129,0.40376501511236274,-1.5391295568539836,-1.1067136200055419,-1.707230999223508,1.4711043250506386,0.049930574203818245,0.5372104820898957,-0.18119113200417106,0.18618341520627346,-0.06353815281124671,-0.0005339124617152124,-0.00937136069300598,-0.3826323506384902,0.1290547952152642,-0.13261058781492155,0.04525554429022964,0.0003802833099356548,0.0066748246547541894
5.932314498549137,0.41440251394520167,-1.542717387917363,-1.1030269349389252,-1.7084891411416272,1.4710937528570986,0.04974500850516293,0.5293689657367606,-0.17854633397430703,0.18346574616649053,-0.06261070355080213,-0.0005261190856749779,-0.009234569471361432,-0.40356883774889857,0.13611628401006215,-0.1398666388463045,0.04773179105328015,0.000401091264630248,0.007040050909448302
5.9522601383091445,0.4248794795250519,-1.5462510740919082,-1.0993958865925366,-1.7097282961138478,1.4710833402112726,0.04956224322657971,0.5211152047055295,-0.1757624934603937,0.18060520366346097,-0.06163449637102089,-0.0005179159957921253,-0.009090586853232623,-0.4239638639857607,0.1429951480946493,-0.14693503338549588,0.05014399695176874,0.00042136108256549777,0.0073958316575554895
5.972205778069153,0.4351877991842157,-1.5497278791252698,-1.095823286609538,-1.7109475046206943,1.4710730951760231,0.04938241988938604,0.5124603164204229,-0.17284336016342702,0.17760564071211818,-0.06061084617662398,-0.0005093142412392459,-0.008939606776369879,-0.4437855787094591,0.14968064483901375,-0.1538047328153087,0.05248839487601563,0.0004410611086379138,0.007741611281041221
5.99215141782916,0.445319588334681,-1.5531451436921462,-1.0923118675865044,-1.7121458341186395,1.4710630255875337,0.0492056760361665,0.5034160535870438,-0.1697928980530304,0.17447113049967614,-0.05954114300974468,-0.000500325502570217,-0.00878183426068065,-0.46300213128037027,0.15616203161314318,-0.1604646985185553,0.054761217716340654,0.00046015968774400413,0.008076834161870996
6.012097057589168,0.4552672031392144,-1.5565002896680082,-1.088864278681948,-1.713322380538767,1.4710531390427146,0.04903214500973212,0.4939948041923812,-0.16661528536745562,0.17120596638563182,-0.05842685204992906,-0.0004909620917202112,-0.008617485408229602,-0.48158167105887645,0.16242856578702536,-0.16690389187804772,0.05695869836306382,0.00047862516478028105,0.008400944682010279
6.032042697349176,0.46502325318245596,-1.5597908244028247,-1.0854830812248402,-1.7144762697854363,1.4710434428866104,0.04886195573207962,0.48420959150480614,-0.1633149146135829,0.16781466190176364,-0.05726951361413575,-0.00048123695200568946,-0.008446787403238513,-0.49949234740535686,0.16846950473064773,-0.17311127427659873,0.05907706970650488,0.0004964258846432518,0.008713387223424551
6.051988337109184,0.4745806141420109,-1.563014344994786,-1.0821707443231352,-1.7156066592349462,1.471033944199806,0.048695232483350726,0.47407407407407476,-0.15989639256692106,0.16430195075213191,-0.05607074315673599,-0.000471163658124403,-0.008269978512086362,-0.5167023096801903,0.17427410581399816,-0.17907580709702037,0.0611125646369839,0.0005135301922294251,0.009013606168079285
6.071933976869191,0.48393244045954553,-1.5661685425640302,-1.0789296404722928,-1.7167127392341974,1.4710246497858337,0.04853209468079143,0.463602545731326,-0.15636454027160615,0.16067278681307823,-0.05483223126951353,-0.00046075641615539383,-0.008087308083309215,-0.5331797072437569,0.1798316264070637,-0.18478645172212424,0.06306141604482059,0.000529906432435311,0.009301045897939949
6.0918796166292,0.49307217801187864,-1.569251206526367,-1.0757620411638014,-1.717793734599358,1.4710155661585802,0.048372656657711316,0.4528099355890853,-0.15272439304040403,0.15693234413322754,-0.05355574368166487,-0.0004500300635589973,-0.007899036547600416,-0.5488926894564353,0.18513132387983272,-0.19023216953472386,0.06491985682033513,0.0005455229501574199,0.009575150794972037
6.111825256389207,0.501993576782076,-1.572260228867004,-1.0726701124937006,-1.7188489061145258,1.4710066995296924,0.04821702744244283,0.44171180804125987,-0.14898120045470786,0.15308601693348522,-0.052243121259799304,-0.0004390000691768375,-0.007705435417810373,-0.5638094056786087,0.19016245560229267,-0.19540192191763092,0.06668411985384716,0.0005603480902922581,0.009835365241141007
6.131770896149216,0.5106907035305458,-1.5751936084142693,-1.0696559107711048,-1.7198775520303933,1.4709980557959847,0.04806531053730049,0.4303243627631406,-0.145140426364539,0.14913941960703928,-0.05089628000793818,-0.00042768253323182873,-0.0075067872889466696,-0.5778980052706525,0.19491427894443034,-0.20028467025365715,0.06835043803567656,0.0005743501977363371,0.010081133618412338
6.151716535909223,0.5191579544661288,-1.578049455113338,-1.0667213781267257,-1.7208790095629107,1.4709896405268459,0.04791760369754031,0.4186644347114046,-0.1412077488885481,0.14509838671935918,-0.049517211067516054,-0.00041609418732817765,-0.0073033858381741,-0.5911266375929483,0.19937605127623456,-0.20486937592561613,0.06991504425614345,0.000587497617386166,0.010311900308751515
6.171662175669232,0.5273900679171952,-1.5808259942999578,-1.0638683381213956,-1.7218526563919498,1.4709814589516452,0.04777399871031897,0.4067494941241097,-0.13718906041401246,0.14096897300819639,-0.048107980717379775,-0.0004042523944513811,-0.007095535824814548,-0.6034634520058763,0.20353702996769216,-0.20914500031631916,0.07137417140556769,0.0005997586941382531,0.010527109694123985
6.191607815429239,0.535382137002735,-1.5835215709741715,-1.0610984913545911,-1.7227979121599677,1.4709735159471398,0.04763458117365317,0.39459764652070306,-0.13309046759683985,0.13675745338358522,-0.04667073037378905,-0.0003921751489682272,-0.006883553090347158,-0.6148765978698169,0.20738647238879143,-0.21310050480857903,0.07272405237426899,0.0006111017728891099,0.010726206156495272
6.211553455189247,0.5431296223034567,-1.5861346540740437,-1.0584134110729533,-1.7237142399706706,1.4709658160248804,0.047499430275378875,0.38222763270200955,-0.12891829136156435,0.13247032292784025,-0.045207676590415816,-0.0003798810766267928,-0.006667764558408108,-0.6253342245451468,0.21091363590951942,-0.21672485078520773,0.07396092005256746,0.000621495198535241,0.010908634077830806
6.231499094949255,0.5506283645328749,-1.5886638407493856,-1.055814538778814,-1.7246011478876782,1.4709583633186192,0.04736861857211058,0.3696588287502411,-0.12467906690134922,0.12811429689555806,-0.04372111105834484,-0.0003673894345564473,-0.00644850823479082,-0.6348044813922487,0.21410777789986385,-0.22000699962901768,0.07508100733078285,0.0006309073159731602,0.0110738378400961
6.2514447347092625,0.5578745972084069,-1.5911078606354785,-1.0533031798387178,-1.725458190433186,1.4709511615717157,0.04724221176820073,0.3569112460289943,-0.12037954367798633,0.12369631071361875,-0.0422134006060736,-0.00035472011126785175,-0.006226133207445869,-0.643255517771498,0.2169581557298121,-0.2229359127228205,0.07608054709923508,0.000639306470099374,0.011221261825256554
6.27139037446927,0.5648649593224675,-1.5934655801268005,-1.0508804990919438,-1.7262849700866307,1.4709442141245435,0.04712026849469881,0.34400553118324995,-0.1160266854218958,0.11922351998118315,-0.040686987199512324,-0.00034189362665295773,-0.0060009996464809945,-0.6506554830432822,0.21945402676935288,-0.22550055144943038,0.07695577224824439,0.0006466610058103958,0.011350350415277776
6.2913360142292785,0.5715965080135618,-1.5957360066507498,-1.0485475164590294,-1.727081138783353,1.4709375239018978,0.047002840088310766,0.3309629661393693,-0.11162767013212473,0.11470330046969325,-0.039144387941983265,-0.00032893113198500493,-0.005773478804161057,-0.6569725265679734,0.2215846483884727,-0.22768987719165773,0.0777029156681303,0.0006529392680027281,0.011460547992125135
6.311281653989286,0.5780667312373758,-1.5979182929413707,-1.0463051025502943,-1.7278463994132616,1.4709310934004007,0.046889970370358226,0.31780546810510246,-0.10718989007635041,0.11014324812287468,-0.037588195074222036,-0.00031585440991852644,-0.00554395301490813,-0.6621747977059563,0.22333927795716016,-0.229492851332316,0.07831821024921279,0.0006581096015728867,0.011551298937764144
6.3312272937492935,0.5842735604378753,-1.6000117413130774,-1.0441539742743617,-1.7285805073194966,1.4709249246759095,0.046781695425737874,0.3045555895695793,-0.10272095179087694,0.10555117905673282,-0.03602107597437603,-0.0003026858744893437,-0.005312815695301386,-0.666230445817606,0.22470717284540132,-0.2308984352542161,0.0787978888818117,0.0006621403514173757,0.01162204763416024
6.351172933509302,0.5902153832183956,-1.602015807934381,-1.042094690446682,-1.7292832717970947,1.4709190193309216,0.04667804338188057,0.2912365183033167,-0.09822867608063753,0.10093512955955729,-0.034445773158006,-0.00028944857111457315,-0.00508047134407721,-0.6691076202633066,0.22567759042318553,-0.23189559034017193,0.07913818445624723,0.0006649998624327079,0.011672238463278964
6.37111857326931,0.595891056012736,-1.6039301071016108,-1.0401276473980567,-1.7299545575916504,1.470913378501983,0.046579034187710866,0.2778720773582138,-0.09372109801919372,0.09630335609191787,-0.03286510427808511,-0.000276166176592619,-0.004847335542129153,-0.6707744704034354,0.22623978806049952,-0.2324732779729954,0.07933532986283894,0.0006666564795153918,0.011701315807085756
6.391064213029317,0.6012999167562545,-1.6057544155126424,-1.0382530745831597,-1.7305942863979826,1.4709080028470936,0.046484679392606046,0.2644867250675555,-0.08920646694873519,0.09166433528666697,-0.03128196212499904,-0.0002628629991031761,-0.004613834952507877,-0.6711991455983736,0.22638302312733152,-0.2326204595354978,0.07938555799190687,0.0006670785475619353,0.011708724047546097
6.411009852789325,0.6064417975569607,-1.6074886765406218,-1.0364710301890616,-1.731202438358796,1.470902892533115,0.04639498192535559,0.25110555504600635,-0.08469324648007898,0.08702676394893764,-0.02969931462654567,-0.0002495639782072301,-0.004380407320421228,-0.6703497952084982,0.22609655299366774,-0.23232609641049237,0.0792851017337708,0.0006662344114688476,0.011693907566625415
6.430955492549334,0.6113170373666076,-1.6091330045076884,-1.0347813967437527,-1.7317790535633462,1.4708980472231759,0.04630993587312041,0.2377542961896236,-0.08019011449267334,0.08239955905614786,-0.028120204847936783,-0.00023629468484706107,-0.004147501473234291,-0.6681945685941933,0.22536963502949844,-0.23157914998079224,0.07903019397875127,0.0006640924161326413,0.011656310746289296
6.450901132309341,0.615926494651792,-1.6106876889587034,-1.0331838767246637,-1.7323242335461038,1.4708934660640802,0.04622952626039204,0.22445931267583558,-0.07570596313458962,0.07779185775799259,-0.026547750991794874,-0.00022308132134623033,-0.003915577320469084,-0.6647016151158315,0.22419152660480765,-0.2303685816292064,0.07861706761716698,0.0006606209064498193,0.01159537796850307
6.470846772069349,0.6202715600650376,-1.6121531989349707,-1.0316779881671927,-1.7328381427854167,1.470889147673713,0.046153728827952115,0.21124760396346656,-0.07124989882253317,0.0732130173764537,-0.02498514639815687,-0.00020995072140960461,-0.003685105853805092,-0.6598390841338009,0.2225514850895865,-0.2286833527385509,0.07804195553933894,0.0006557882273168966,0.011510553615232342
6.490792411829357,0.6243541691158966,-1.6135301872479648,-1.0302630602732243,-1.7333210102021746,1.4708850901284467,0.046082509811831485,0.198146804792722,-0.06683124224183525,0.06867261540579236,-0.02343565954447163,-0.00019693035012333053,-0.0034565691470787646,-0.6535751250084766,0.22043876785382044,-0.22651242469163665,0.07730109063558667,0.0006495627236303821,0.011401282068442516
6.510738051589365,0.6281768148420416,-1.6148194947530539,-1.0289382290196558,-1.7337731306584736,1.470881290950549,0.046015825722269574,0.18518518518518592,-0.06245952834645373,0.06418044951255161,-0.021902634045600042,-0.00018404830395484553,-0.003230460356283742,-0.6458778871002377,0.21784263226749775,-0.2238447588712755,0.07639070579622996,0.0006419127402867818,0.01126700771009911
6.530683691349372,0.6317425604803579,-1.6160221546232263,-1.0277024327669173,-1.7341948664562785,1.470877747095589,0.045953623122673634,0.17239165044383098,-0.05814450635897697,0.05974653753555648,-0.020389488653816252,-0.000171333310752883,-0.003007283719570831,-0.6367155197694664,0.2147523357006062,-0.22066931666028006,0.07530703391158865,0.000632806622182607,0.011107174922167578
6.550629331109381,0.6350550521380376,-1.6171393966228136,-1.0265544078674966,-1.7345866488360877,1.470874454939843,0.045895838408578096,0.15979574115301304,-0.053896139770621326,0.055381117485915135,-0.01889971725880722,-0.000158814729747465,-0.0027875545572480284,-0.6260561723765419,0.2111571355231339,-0.21697505944146303,0.0740463078719831,0.0006222127142143667,0.010921228086613369
6.570574970869388,0.6381185314636747,-1.6181726513812171,-1.0254926842744607,-1.7349489794755966,1.470871410267703,0.045842397586603766,0.1474276331784706,-0.04972460634123075,0.051094647547015204,-0.017436888887671677,-0.0001465225515499027,-0.0025717992717804654,-0.6138679942818417,0.2070462891050665,-0.21275094859763544,0.07260476056773259,0.0006100993612785694,0.010708611585401998
6.590520610629396,0.6409378483183557,-1.619123554666631,-1.0245155811499815,-1.7352824319883604,1.4708686082590816,0.04579321605341718,0.13531813766732823,-0.0456402980992777,0.04689780607452837,-0.016004647704921993,-0.00013448739815280012,-0.0023605553477904343,-0.6001191348457464,0.20240905381639354,-0.2079859455116108,0.07097862488915753,0.0005964349082717235,0.0104687698004989
6.610466250389404,0.6435184734467568,-1.6199939516597692,-1.023621202473855,-1.7355876534224601,1.4708660434768204,0.04574819837468985,0.12349870104809528,-0.04165382134186403,0.042801491596408135,-0.014606713012482276,-0.00012274052293005354,-0.0021543713520574097,-0.5847777434286372,0.1972346870271029,-0.20266901156620157,0.06916413372657766,0.0005811877000903423,0.010201147113869637
6.6304118901494125,0.6458665111482333,-1.6207859012275883,-1.0228074326520278,-1.735865365759164,1.4708637098540949,0.04570723806405759,0.11200140503065972,-0.03777599663471758,0.03881682281288754,-0.013246879249689713,-0.00011131381063684345,-0.001953806933517977,-0.5678119693908914,0.19151244610717952,-0.19678910814421852,0.06715751997031251,0.0005643260816309292,0.009905187907479558
6.650357529909419,0.6479887119479182,-1.6215016801970141,-1.0220719321251175,-1.7361163674115927,1.4708616006818225,0.04567021736207971,0.10085896660630048,-0.03401785881219776,0.03495513859648473,-0.011929015993294122,-0.00010023977740965138,-0.0017594328232659723,-0.5491899620928905,0.18523158842661464,-0.19033519662847595,0.06495501651068245,0.0005458183977899991,0.009580336563294229
6.6703031696694275,0.6498924852678124,-1.6221437876286657,-1.021412132976937,-1.7363415347233824,1.470859708596069,0.04563700701519847,0.09010473804767655,-0.03039065697728886,0.031227997991997224,-0.010657067957457722,-8.955157076624068e-05,-0.0015718308345522966,-0.5288798708950179,0.17838137135539398,-0.18329623840178502,0.06255285623800773,0.0005256329934640598,0.009226037463279154
6.690248809429436,0.6515859120978797,-1.6227149490905797,-1.0208252345430173,-1.7365418234673489,1.470858025565455,0.04560746605469815,0.07977270690883106,-0.02690585450160543,0.02764718021650559,-0.009435054993755567,-7.928296960566902e-05,-0.001391593862785075,-0.5068498451576452,0.17095105226350504,-0.17566119484695777,0.059947272042607296,0.0005037382135496184,0.008841734989399726
6.710194449189443,0.6530777576671394,-1.6232181209319372,-1.0203081990191298,-1.7367182703441517,1.4708565428785623,0.04558144157566452,0.06989749602518965,-0.023575129025389836,0.02422468465937179,-0.008267072091175076,-6.946838420828448e-05,-0.0012193258855295371,-0.4830680342411575,0.16292988852093557,-0.16741902734680722,0.057134496814801636,0.0004801024029431818,0.008426873523621394
6.730140088949451,0.65437748411476,-1.6236564945567853,-1.0198577470698111,-1.7368719944809563,1.4708552511313415,0.04555876851594404,0.06051436351356864,-0.02041037245751389,0.020972730882240376,-0.0071572893761164815,-6.0142856235728425e-05,-0.00105564196250815,-0.4575025875059341,0.15430713749767466,-0.15855869728414665,0.05411076344491092,0.000454693906541268,0.00798089744790979
6.750085728709459,0.6554952631611549,-1.6240335006977653,-1.019470353436883,-1.7370041989301002,1.470854140214518,0.04553926943510312,0.051659202772157395,-0.017423690975475064,0.017903758619036432,-0.0061099521123924765,-5.134205873092468e-05,-0.0009011682356004601,-0.43012165431235483,0.14507205656370803,-0.14906916604178524,0.050872304823254326,0.00042748106924038053,0.007503251144230239
6.770031368469467,0.6564419887790751,-1.6243528136898369,-1.019142242547978,-1.737116172167755,1.470853199300999,0.045522754293387487,0.04336854248053709,-0.01462740502540074,0.015030427775967739,-0.005129380701228259,-4.310229611809769e-05,-0.0007565419288431995,-0.40089338402079505,0.13521390308902345,-0.13893939500253757,0.04741535384015204,0.0003984322359370238,0.006993378994548235
6.789977008229474,0.6572292898646963,-1.6246183557439995,-1.018869384125063,-1.7372092895925904,1.4708524168332795,0.04550902023068148,0.03567954659967703,-0.012034049322047982,0.012365618431524983,-0.0042199706812625975,-3.546050420276144e-05,-0.0006224113484303477,-0.36978592599163806,0.12472193444360907,-0.12815834554921585,0.04373614338592408,0.0003675157515277165,0.006450725380829336
6.809922647989483,0.6578695429087276,-1.6248343012210236,-1.0186474887929569,-1.7372850150244383,1.4708517805108505,0.04549785134546712,0.028630014371917808,-0.009656372848799664,0.009922430836478851,-0.0033861927285452464,-2.8454250171713212e-05,-0.0004994358827128903,-0.33676742958526434,0.1135854079974528,-0.11671497906463148,0.03983090635089023,0.0003346999609089632,0.005874734685038922
6.82986828774949,0.6583758846674886,-1.6250050809051684,-1.018472003687862,-1.7373449022029566,1.4708512772776041,0.04548901847378372,0.022258380320995388,-0.00750733885766909,0.00771418541388351,-0.00263259265654006,-2.2121732593050406e-05,-0.0003882860021991249,-0.3018060441620517,0.10179358112054197,-0.10459825693159819,0.03569587562537077,0.000299953208977272,0.005264851289142559
6.849813927509498,0.6587622248340155,-1.6251353862779145,-1.0183381080658789,-1.7373905962862932,1.4708508933092412,0.0454822789681869,0.016603714252021166,-0.00560012486929531,0.005754422759072914,-0.0019637914161226076,-1.6501781416151735e-05,-0.00028964325955437026,-0.2648699190823822,0.08933571118286437,-0.09179714053292684,0.03132728409968522,0.0002632438406291556,0.004620519575105664
6.869759567269506,0.6590432587091435,-1.6252301737916799,-1.0182407089115357,-1.7374238353497486,1.4708506140006776,0.045477376476708076,0.011705721251498467,-0.0039481226729474045,0.004056903639664732,-0.0013844850955814956,-1.163385797169521e-05,-0.00020420028960123988,-0.22592720370663225,0.07620105555440682,-0.07830059125142964,0.02672136466415332,0.00022454020076111847,0.00394118392489367
6.889705207029515,0.6592344798726151,-1.6252946691435533,-1.0181744365463048,-1.737446451884441,1.4708504239534512,0.04547404072181354,0.0076047416873092155,-0.002564938326524207,0.0026356089955589823,-0.0008994449206177018,-7.5580549716454755e-06,-0.00013266080931941077,-0.18494604739518586,0.06237887160515887,-0.06409757046992115,0.021874350209095544,0.00018381063426967537,0.003226288720472195
6.909650846789521,0.6593521928541546,-1.6253343715490125,-1.0181336402371342,-1.7374603742959693,1.4708503069631282,0.04547198727936401,0.004341751208721366,-0.0014643921565497464,0.0015047399389356304,-0.0005135172543449254,-4.315096509259613e-06,-7.573961784575995e-05,-0.14189459950841854,0.04785841670510568,-0.049177039571210494,0.016782473624831276,0.00014102348605133286,0.0024752783438065726
6.92959648654953,0.6594135258045829,-1.625355058015654,-1.0181123838049606,-1.7374676284030774,1.4708502460067105,0.04547091735757358,0.001958360746388097,-0.0006605187581786373,0.0006787177542581907,-0.0002316235972898657,-1.9463380590828644e-06,-3.416259647434089e-05,-0.09674100940671194,0.03262894822423629,-0.03352795993811262,0.011441967801680823,9.614710100260038e-05,0.001687597176862377
6.949542126309538,0.6594364431668943,-1.6253627876169152,-1.0181044412332407,-1.7374703389363175,1.4708502232300416,0.04547051757596933,0.0004968165123402453,-0.00016756699519090013,0.0001721838982703081,-5.876058739092004e-05,-4.937664769535101e-07,-8.666708656270736e-06,-0.049453426450447216,0.01667972353253912,-0.017139292953438547,0.0058490656299636885,4.914982401998633e-05,0.0008626896016050007
6.969487766069546,0.6594397583473578,-1.625363905765799,-1.01810329227647,-1.7374707310367137,1.4708502199352136,0.0454704597443504,0.0,0.0,0.0,0.0,0.0,0.0,0.0,0.0,-4.689279221682722e-16,0.0,0.0,-2.9307995135517015e-17
6.989400736364836,0.659442841870622,-1.6253637204471312,-1.018105164341142,-1.7374701657819047,1.4708505582160063,0.045470305418171875,0.00046291768430454226,2.7821190616395894e-05,-0.00028104598826936565,8.48595664037733e-05,5.07848158619507e-05,-2.3168405449497577e-05,0.04616666361632387,0.0027746003061481493,-0.0280286453533134,0.0084630231024243,0.005064756845999416,-0.0023105792178159477
7.009313706660126,0.6594641672353585,-1.6253624388001833,-1.0181181113691145,-1.7374662565313699,1.4708528977350137,0.045469238112442745,0.0018256826982064283,0.0001097228904274086,-0.0011084061283045544,0.0003346742788481287,0.0002002882214146879,-9.137295551308496e-05,0.09038262313618335,0.005431963979642152,-0.0548729817480361,0.016568453679394052,0.009915509881604488,-0.0045235283278368555
7.029226676955417,0.6595212681505083,-1.6253590070551913,-1.0181527784031756,-1.7374557891004094,1.4708591620441118,0.04546638028869009,0.0040497262205574916,0.00024338712679687743,-0.0024586645670857028,0.0007423739096223769,0.00044427898819917195,-0.00020268333273613232,0.13267554812123045,0.00797375395144164,-0.08054980789280058,0.02432136396531287,0.014555294621856276,-0.006640232154286768
7.049139647250707,0.6596309157910774,-1.6253524172704146,-1.0182193475374948,-1.7374356890879206,1.4708711910406802,0.04546089257223549,0.007097030413368825,0.00042652904098344383,-0.0043087399637789445,0.0013009892342688385,0.0007785863338772065,-0.0003551967956276474,0.17307310813311708,0.010401633152506248,-0.10507592249623934,0.031726826194584355,0.01898714658179583,-0.008662075521389725
7.069052617545997,0.6598091297698491,-1.625341706672738,-1.0183275445787519,-1.7374030198651225,1.4708907421712651,0.045451973203075605,0.010930128421810783,0.0006568968881405519,-0.006635885489736413,0.0020036520315828443,0.0011990999222314387,-0.0005470381786602756,0.21160297273349526,0.012717264513795611,-0.12846812426698487,0.03878991260161213,0.02321410127646421,-0.010590443253369771
7.088965587841287,0.6600711891090949,-1.6253259569982772,-1.0184866457072694,-1.7373549805642825,1.4709194916352406,0.04543885748676289,0.015512104374212974,0.0009322720373164474,-0.009417688828496236,0.0028435950836127335,0.0017017698631653587,-0.0007763598922702995,0.24829281148401697,0.014922310966269356,-0.15074321191366966,0.0455156954207998,0.027239194220902457,-0.01242672017445095
7.108878558136577,0.6604316432122862,-1.6253042938329816,-1.0187054841381435,-1.73728890406744,1.47095903558847,0.04542081724528624,0.02080659338206427,0.0012504689714541793,-0.012632072175782544,0.0038141521756598577,0.0022826067127033013,-0.0010413419228576398,0.28317029394633414,0.01701843544088712,-0.1719179841449262,0.051909246886550964,0.03106546093015164,-0.014172291108857303
7.128791528431868,0.660904322835805,-1.6252758859532392,-1.0189924567823756,-1.7372022549951327,1.4710108913469688,0.04539716026795158,0.026777781540012802,0.0016093352873915974,-0.01625729223950546,0.004908758096278574,0.002937681472990443,-0.0013401918327858545,0.3162630896820988,0.01900730086860854,-0.192009239669387,0.057975639233269254,0.034695936919252816,-0.015828540880812876
7.148704498727158,0.6615023510606559,-1.6252399446664798,-1.0193555309080027,-1.7370926276951206,1.4710764985905656,0.045367229762262644,0.033390405925865965,0.002006751695861356,-0.02027194023976112,0.006120948637276257,0.0036631255922928057,-0.0016711447603821393,0.347598868252963,0.020890570180393246,-0.21103377719568456,0.06371994469535827,0.038133657703247024,-0.017396854314541712
7.168617469022448,0.6622381542641766,-1.62519572315178,-1.0198022508012294,-1.7369577442311133,1.4711572205665633,0.04533040380480151,0.04060975460059041,0.0024406320214909096,-0.02465494190883163,0.007444360593713282,0.004455130964997253,-0.002032463419937327,0.3772052992205785,0.02266990630720087,-0.2290083954324513,0.06914723550722161,0.04138165879717533,-0.018878616234267852
7.188530439317738,0.6631234730917498,-1.625142515800466,-1.0203397444275586,-1.7367954523714928,1.4712543452934033,0.045286094792109315,0.048401666608312036,0.0029089232028025164,-0.02938555749118512,0.00887273176390304,0.0053099499316114915,-0.002422438101705889,0.40511005214659745,0.024346972179991044,-0.24594989308831977,0.07426258390326292,0.044442975716078775,-0.02027521146421534
7.208443409613029,0.6641693734285143,-1.625079657556719,-1.0209747300929235,-1.7366037235780407,1.4713690867643243,0.04523374889156691,0.05673253197631601,0.003409605292213236,-0.03444338174347571,0.01039990094941193,0.006223895278764074,-0.002839386671905932,0.43134079659267177,0.025923430729723407,-0.26187506887192247,0.07907106211788577,0.04732064397499843,-0.02158802482860822
7.228356379908319,0.6653862573710762,-1.6250065232581774,-1.0217135231048176,-1.736380650994662,1.471502586151027,0.045172845492275494,0.06556929171504679,0.00394069145603493,-0.03980834393454351,0.01201980795505936,0.007193340239204394,-0.003281654572719204,0.45592520212045345,0.027400944887357587,-0.2768007214918919,0.0835777423854938,0.05001769908897535,-0.022818441151670532
7.248269350203609,0.66678387419922,-1.6249225269765428,-1.0225620424334272,-1.7361244474361113,1.4716559130073328,0.045102896655937294,0.07487943781810802,0.004500227974474263,-0.045460707845414644,0.013726493588917752,0.00821471849180269,-0.003747614822291087,0.4788909382915945,0.02878117758385322,-0.2907436496568605,0.08778769694049061,0.05253717657305057,-0.023967845257626325
7.268182320498899,0.6683713313476205,-1.6248271213581826,-1.0235258173727617,-1.7358334433767173,1.4718300664728488,0.04502344656773619,0.08463101326226272,0.005086294241632705,-0.051381071769301234,0.015514099662312536,0.009284524161550045,-0.004235668014730604,0.5002656746677469,0.03006579175016994,-0.3037206520754608,0.09170599801727981,0.05488211194226517,-0.025037621970699635
7.288095290794189,0.6701571053775535,-1.624719796964734,-1.0246099942017852,-1.7355060849391089,1.4720259764766273,0.044934070987218404,0.09479261200743297,0.005697002765506519,-0.057550368511601335,0.01737686898982214,0.010399311819558377,-0.004744242320110408,0.5200770808105625,0.031256450317267384,-0.31574852745632526,0.095337717850265,0.05705554071166018,-0.02602915611511451
7.30800826108948,0.6721490529486072,-1.6246000816137092,-1.0258193428455482,-1.7351409318829396,1.4722445049408284,0.04483437669917312,0.10533337899670035,0.0063304991679867815,-0.06394986538989912,0.019309145389278026,0.011555696483060462,-0.005271793484466802,0.5383528262816933,0.03235481621610516,-0.3268440745080864,0.0986879286738498,0.05906049839627667,-0.026943832515094992
7.32792123138477,0.6743544217903936,-1.6244675397190977,-1.0271582635363175,-1.7347366555936128,1.4724864469843821,0.044724000964513164,0.1162230101563056,0.006984962184859366,-0.07056116423396469,0.021305373681764647,0.01275035361540991,-0.005816804829799716,0.5551205806427917,0.03336255237764294,-0.3370240919393768,0.10176170272243783,0.06090002051115569,-0.027783035994865122
7.34783420168006,0.67677986167426,-1.6243217716319722,-1.0286307934747085,-1.7342920370710075,1.4727525321266497,0.04460261097115567,0.12743175239564858,0.007658603665804943,-0.07736620138575409,0.023360099691619465,0.013980019126081171,-0.006377787254072721,0.5704080134555088,0.03428132173284034,-0.3463053784588288,0.1045641122304327,0.0625771425713383,-0.028548151378648946
7.36774717197535,0.6794314353849996,-1.624162412981091,-1.0302406134908166,-1.7338059649182034,1.4730434254910858,0.04446990328490268,0.13893040360728867,0.008349668574399,-0.08434724769940953,0.025467970246432978,0.015241489370669555,-0.00695327923121303,0.5842427942814975,0.03511278721265699,-0.3547047327750749,0.107100229432238,0.06409490009186555,-0.029240563490670505
7.38766014227064,0.6823146296925636,-1.6239891340135022,-1.0319910547053477,-1.7332774333302057,1.4733597290088998,0.044325603300321884,0.15069031266694433,0.009056434988111811,-0.09148690854125903,0.027623733177048655,0.01653162115089119,-0.007541846811111486,0.5966525926824092,0.03585861174805252,-0.3622389535967477,0.10937512656225737,0.06545632858777849,-0.029861657155153848
7.407573112565931,0.6854343663237719,-1.6238016389351488,-1.0338851051907496,-1.7327055400826707,1.4737019826227182,0.04416946469162718,0.16268337943349323,0.009777214098308458,-0.09876812378981667,0.029822237317562995,0.01784733171458307,-0.00814208361962257,0.607665078219896,0.03652045826998656,-0.36892483963247963,0.11139387585489438,0.06666446357411816,-0.030412817196323008
7.427486082861221,0.6887950129340247,-1.623599665251472,-1.035925416632343,-1.732089484520631,1.4740706654902462,0.044001268863559415,0.17488205474897256,0.010510350210248832,-0.10617416783578262,0.032058432505325515,0.019185598755703023,-0.00875261085856441,0.6173079204556101,0.03709998970941877,-0.37477918959090323,0.11316154954455268,0.06772234056592566,-0.030895428438402036
7.447399053156511,0.6924003940790133,-1.6233829831080144,-1.0381143109894542,-1.7314285655472206,1.4744661971879292,0.043820824402266985,0.18725934043857842,0.011254220743087613,-0.11368864958204289,0.03432736958093872,0.020543460414329712,-0.009372077305718759,0.6256087889512033,0.03759886899730876,-0.3798188021806509,0.11468321986563587,0.068632995078242,-0.03131087570561498
7.467312023451801,0.6962538021864324,-1.6231513946310256,-1.0404537871565436,-1.7307221796124002,1.4748889389146147,0.04362796652618651,0.1997887893106665,0.012007236229874292,-0.12129551244366964,0.03662420038825813,0.02191801527666266,-0.009999159314831018,0.6325953532683276,0.038018759064616166,-0.3840604761103552,0.11596395905254753,0.06939946262610826,-0.03166054382218586
7.487224993747091,0.7003580085276903,-1.622904733268065,-1.04294552762434,-1.7299698187016823,1.475339194695215,0.043422556536923486,0.2124445051567516,0.01276784031755317,-0.12897903434792096,0.038944177774392325,0.023306422375022236,-0.01063256081561022,0.6382952829686349,0.03836132284230062,-0.38752101008864864,0.11700883933969132,0.0700247787245655,-0.031945817612338744
7.507137964042382,0.7047152741896204,-1.622642863128606,-1.0455909051409693,-1.729171068324857,1.4758172125843678,0.04320448127013295,0.22520114275150768,0.013534509766963337,-0.13672382773424094,0.041282655589702816,0.02470590118784963,-0.011271013313729037,0.6427362476137771,0.038628223261321766,-0.39021720282416367,0.11782293296147082,0.07051197888865474,-0.03216808190029767
7.527050934337672,0.7093273610461932,-1.6223656783246407,-1.0483909893730872,-1.7283256055047156,1.4763231858700983,0.04297365254640011,0.23803390785276815,0.014305754452838684,-0.14451483955425962,0.04363508868780416,0.026113731639706886,-0.011913275890823779,0.6459459167654065,0.03882112325263923,-0.3921658530255327,0.11841131215228966,0.07086409863341704,-0.032328721510286665
7.546963904632962,0.7141955427302269,-1.6220731023112827,-1.0513465535670097,-1.7274331967657786,1.4768572542774818,0.04273000662212103,0.2509185572015255,0.015080117363807913,-0.15233735127179315,0.04599703292556394,0.0275272541012769,-0.01255813520449439,0.6479519599851749,0.03894168574721264,-0.3933837594013885,0.11877904914655144,0.07108417347389351,-0.032429121266529796
7.566876874928252,0.7193206156050989,-1.6217650872273721,-1.054458081209845,-1.726493696123018,1.4774195051723045,0.04247350364038327,0.26383139852193177,0.015856174602394534,-0.1601769788628436,0.04836414516310273,0.02894386938936341,-0.013204405488304462,0.6487820468347341,0.03899157367600164,-0.3938877206603632,0.11893121617865973,0.07117523892512513,-0.032470665993251074
7.586789845223542,0.7247029097364566,-1.6214416132360794,-1.057725772690624,-1.7255070430705843,1.4780099747647257,0.042204127081846544,0.2767492905212977,0.016632535385016828,-0.16801967281559893,0.05073218326379407,0.030361038766890964,-0.013850928551781199,0.6484638468757364,0.03897244996996586,-0.39369453551108957,0.11887288548301823,0.07114033050215302,-0.03245474051467459
7.606702815518833,0.7303422998639298,-1.6211026878655086,-1.0611495519614318,-1.7244732605705313,1.4786286493129397,0.041921883215623366,0.289649642890094,0.017407842041987927,-0.17585171813043338,0.05309700609426463,0.03177628394290502,-0.014496573780415484,0.6470250296698336,0.03888597756006493,-0.39282100266219994,0.11860912929403049,0.07098248372001818,-0.032382729655024346
7.626615785814123,0.7362382163728411,-1.6207483453493026,-1.064729073198539,-1.7233924530415412,1.479275466326838,0.04162680055015972,0.30251041630195025,0.018180770017515727,-0.18365973431990704,0.055454573524394,0.033187187072571823,-0.015140238135661807,0.6444932647786775,0.03873381937725847,-0.3912839208223268,0.11814501984610008,0.07070473409376168,-0.0322560182385244
7.646528756109413,0.7423896562659172,-1.6203786459672456,-1.0684637274635331,-1.7222648043476496,1.4799503157716696,0.041318929284115714,0.3153101224136551,0.018950027869702936,-0.19143067540876582,0.05780094642731475,0.03459139075717847,-0.01578084615493829,0.6408962217639206,0.038517638352506156,-0.3891000887001029,0.11748562937363072,0.07031011713842461,-0.03207599108939879
7.666441726404703,0.7487951941350006,-1.6199936753858688,-1.0723526493644495,-1.7210905757869714,1.480653041271705,0.04099834075724621,0.3280278238651569,0.01971435727054707,-0.19915182993394193,0.06013228667941254,0.03598659804413293,-0.016417349951626716,0.6362615701872144,0.03823909741676757,-0.3862863050041604,0.11663603011102594,0.06980166836904797,-0.03184403303187157
7.686354696699994,0.7554529931327604,-1.619593543999053,-1.0763947237169023,-1.7198701040804256,1.4813834413138962,0.040665126901281524,0.3406431342795629,0.020472533005940444,-0.2068108209445534,0.062444857160325995,0.03737057242696398,-0.0170487292150725,0.6306169796102111,0.037899859501002386,-0.38285936844313206,0.1156012942926894,0.06918242330067287,-0.03156152889016677
7.706267666995284,0.7623608159444042,-1.6191783862686333,-1.080588592205216,-1.7186037993604606,1.4821412704515395,0.04031939969080805,0.35313621826313984,0.021223362975670176,-0.21439560600190427,0.06473502175294678,0.038741137845321266,-0.017673991210584678,0.6239901195945626,0.037501587536170215,-0.3788360777256501,0.11438649415302464,0.06845541744834031,-0.03122986348850845
7.726180637290574,0.7695160357593888,-1.6187483600650028,-1.0849326600435576,-1.7172921431597787,1.4829262405079366,0.03996129059414891,0.36548779140531357,0.02196568819341818,-0.2218944771794846,0.06699924534341951,0.04009617868497526,-0.01829217077943594,0.6164086597019209,0.03704594445323069,-0.37423323156034727,0.11299670192643535,0.06762368632709138,-0.030850421651120633
7.746093607585864,0.7769156472431318,-1.618303646007717,-1.0894251026370658,-1.7159356864000632,1.4837380217800573,0.03959095002424462,0.37767912027866946,0.022698382786761197,-0.22929606106297062,0.06923409382114191,0.04143363977781731,-0.018902330338862613,0.6079002694939378,0.03653459318314346,-0.36906762865585585,0.11143698984732506,0.06669026545196713,-0.030424588202227366
7.766006577881155,0.7845562775087227,-1.6178444468060968,-1.0940638722429838,-1.7145350473807013,1.4845762442422004,0.03920854678953377,0.3896920224389518,0.023420353997170726,-0.23658931875022426,0.07143623407876461,0.04275152640185955,-0.019503559882064654,0.5984926185322655,0.035969196656868124,-0.3633560677208084,0.10971243015009745,0.06565819033800861,-0.029953747966052706
7.785919548176445,0.7924341970886346,-1.6173709865998345,-1.09884670463179,-1.713090909767511,1.485440498749656,0.03881426754483363,0.4015088664250642,0.024130542180013106,-0.24376354585129345,0.0736024340121913,0.044047904281235,-0.020094976978205652,0.5882133763785561,0.03535141780536436,-0.35711534746383755,0.10782809506915612,0.06453049650025688,-0.029439285766820693
7.805832518471735,0.8005453309064348,-1.6168835102995953,-1.1037711257483291,-1.7116040205814658,1.4863303382423672,0.03840831624222084,0.41311257175906985,0.024827920804549472,-0.2508083724884126,0.07572956252057869,0.04532089958619754,-0.02067572677241286,0.5770902125944611,0.03468291955959177,-0.35036226659357556,0.10578905683890465,0.06331021945375295,-0.028882586428755345
7.8257454887670255,0.8088852692484965,-1.6163822829276229,-1.108834458372944,-1.7100751881874199,1.487245278948592,0.03799091358191206,0.42448660894619067,0.025511496453935738,-0.2577137632960014,0.07781458950633646,0.04656869893312182,-0.021244981985777133,0.5651507967416329,0.03396536485051001,-0.34311362381865523,0.10360038769374667,0.06200039471353794,-0.02828503477608075
7.8456584590623155,0.8174492787357102,-1.6158675889583434,-1.1140338287826057,-1.7085052802828329,1.4881848015885653,0.037562296463144615,0.4356149994748084,0.026180308825222643,-0.2644700174206661,0.07985458587512737,0.04778954938450342,-0.021801942915352996,0.5524227983817236,0.033200416609078694,-0.3353862178477088,0.10126715986808582,0.06060405779465286,-0.027648015633020905
7.8655714293576064,0.8262323132951946,-1.6153397316589686,-1.1193661734120461,-1.7068952218864963,1.4891483525781601,0.037122717435057156,0.4464823158164636,0.026833430729355737,-0.27106776852119874,0.08184672353586708,0.04898175844895871,-0.02234583743415859,0.5389338870763846,0.03238973776625746,-0.32719684738936866,0.0987944455963256,0.0591242442121388,-0.026972913823799884
7.8854843996528965,0.8352290251320087,-1.6147990324301007,-1.1248282455148881,-1.7052459933272577,1.4901353452325496,0.036672444147570316,0.4570736814258563,0.027469968091175353,-0.2774979847685774,0.0837882754007244,0.050143694081224925,-0.0228759209911757,0.5247117323872682,0.03153499125300594,-0.3185623111522676,0.09618731711286974,0.05756398948103678,-0.026261114172641705
7.9053973699481865,0.8444337757008615,-1.6142458301463358,-1.1304166218247773,-1.7035586282327457,1.4911451609698696,0.036211758802267374,0.4673747707408457,0.028089059949416607,-0.28375196884596593,0.08567661538512096,0.051273784682160116,-0.02339147661134975,0.5097840038760267,0.030637840000283786,-0.30949940784503804,0.09345084665212183,0.05592632911638791,-0.025514001503770457
7.925310340243477,0.8538406466778251,-1.613680480496868,-1.1361277092165132,-1.7018342115180967,1.4921771505148789,0.03574095760327489,0.4773718091824504,0.02868987845670947,-0.28982135794871466,0.08750921840773164,0.052370519098743205,-0.0238918148955898,0.4941783711043116,0.02969994693905061,-0.3000249361763125,0.09059010644848547,0.05421429863323318,-0.024732960641410142
7.945223310538767,0.8634434509320449,-1.613103355326094,-1.1419577513671797,-1.7000738773746784,1.4932306351026228,0.03526035020814336,0.48705157315484837,0.02927162887957868,-0.2956981237843595,0.08928366039048415,0.05343244662407397,-0.024376274020768553,0.477922503633775,0.028722975000266056,-0.2901556948547231,0.0876101687363642,0.052430933546613656,-0.023919376409784792
7.965136280834058,0.8732357434974508,-1.6125148419742161,-1.1479028354172778,-1.6982788072588162,1.4943049076820936,0.03477025917872792,0.4964013900453762,0.02983354959844377,-0.3013745725726224,0.0909976182585592,0.05445817699737299,-0.024844219739722336,0.4610440710260692,0.027708587114889757,-0.27990848258890316,0.08451610575016177,0.05057926937157044,-0.0230746336331185
7.985049251129348,0.8832108325444694,-1.6119153426178465,-1.1539588986318556,-1.6964502278805176,1.4953992341198932,0.03427101943206892,0.5054091382245306,0.030374912107619115,-0.3068433450454117,0.09264886994039072,0.05544638040398172,-0.02529504538125114,0.4435707428428455,0.026658446213881328,-0.2693000980874841,0.0813129897242817,0.04866234162314454,-0.022200117135635276
8.004962221424638,0.8933617903517344,-1.6113052736106122,-1.16012173506164,-1.694589409192198,1.4965128544038944,0.03376297769127266,0.5140632470459668,0.030895021015313853,-0.31209741644682115,0.09423529436766538,0.05639578747536244,-0.025728171850118556,0.4255301886457564,0.02557421522820042,-0.25834734005909915,0.07800589289312755,0.046683185816377,-0.021297211741559144
8.024875191719929,0.9036814642777982,-1.6106850648237576,-1.1663870022041674,-1.692697662377406,1.4976449838469028,0.03324649193639196,0.5223526968464999,0.031393214043631934,-0.3171300965331309,0.09575487147532306,0.05730518928909831,-0.026143047627051847,0.4069500779964532,0.024457557088806654,-0.24706700721238023,0.07459988749110298,0.04464483746630887,-0.020367302275114185
8.044788162015218,0.9141624877328429,-1.6100551589867496,-1.172750227664916,-1.6907763378395475,1.4987948142903194,0.03272193085530693,0.5302670189461034,0.03186886202857211,-0.3219350295728069,0.09720568220155648,0.05817343736889325,-0.026539148768741885,0.3878580804565896,0.02331013472665968,-0.23547589825596096,0.07110004575261172,0.04255033208798132,-0.019411773560524447
8.064701132310509,0.9247972911503923,-1.6094160110278806,-1.179206815818436,-1.688826823190613,1.4999615153078008,0.03218967329460551,0.5377962956479114,0.03232136892002796,-0.32650619434650135,0.09858590848781154,0.05899944368457212,-0.02691597890784321,0.36828186558781567,0.022133611072719123,-0.22359081189847252,0.06751143991205721,0.04040270519643526,-0.018432010422013933
8.084614102605798,0.9355781129590228,-1.608768087414874,-1.1857520544694813,-1.6868505412399004,1.5011442354089228,0.03165010771046416,0.5449311602382161,0.032750171781787824,-0.3308379041470521,0.09989383327878705,0.059782180652080574,-0.027273069252973965,0.3482491029517842,0.02092964905794461,-0.21142854684854798,0.06383914220384306,0.038204992306711774,-0.017429397683806715
8.104527072901089,0.946497010554074,-1.6081118654954862,-1.1923811215141404,-1.6848489479827422,1.5023421032428408,0.0311036316195286,0.5516627969864696,0.033154740791534895,-0.3349248067794835,0.10112784052243491,0.060520681133485146,-0.027609978588715976,0.3277874621101467,0.019699911613295783,-0.1990059018148197,0.06008822486237302,0.035960228933851965,-0.016405320170126806
8.12444004319638,0.9575458712693614,-1.6074478328381125,-1.1990890916009684,-1.6828235305892296,1.503554228801952,0.030550651049794313,0.5579829411452822,0.03353457924084708,-0.3387618845610051,0.1022864151699598,0.0612140384369731,-0.027926293275614637,0.30692461262455634,0.018446061669732304,-0.18633967550592098,0.056263760122050664,0.033671450592896904,-0.015361162705198316
8.144353013491669,0.9687164233488862,-1.60677648657239,-1.2058709427921168,-1.6807758053929382,1.5047797046255584,0.02999157999148733,0.5638838789504251,0.0338892235351972,-0.3423444543210132,0.10336814317581976,0.06186140631685269,-0.028221627250179064,0.28568822405666383,0.01716976215821375,-0.17344666663048294,0.052370820217279554,0.03134169279888761,-0.014298310113245219
8.16426598378696,0.9800002469185475,-1.6060983327298013,-1.2127215632244663,-1.6787073158796533,1.5060176070035263,0.029426839847944825,0.5693584476208281,0.034218243193952835,-0.3456681674010901,0.10437171149772566,0.06246199897355301,-0.028495622024881963,0.26410596596812097,0.015872676009699754,-0.16034367389713886,0.048414477382463204,0.028973991066865067,-0.013218147218491565
8.184178954082249,0.9913887849578538,-1.6054138855842799,-1.2196357577707573,-1.676619630676094,1.5072669971799502,0.028856858886495772,0.574400035358579,0.0345212408503763,-0.348729009655003,0.10529590809664122,0.06301509105362377,-0.028747946688159647,0.24220550792058165,0.014556466155150017,-0.14704749601452127,0.04439980385200542,0.026571380911870467,-0.012122058845161437
8.20409192437754,1.0028733542716328,-1.6047236669928129,-1.2266082547007204,-1.674514341538641,1.5085269225568134,0.028282071689341635,0.5790025813489268,0.03479785225162482,-0.35152330144870686,0.10613962193678347,0.06352001764973586,-0.028978297904412146,0.22001451947569625,0.013222795525524128,-0.13357493169126267,0.04033187186030975,0.024136897848944776,-0.011011429817478874
8.22400489467283,1.0144451564617452,-1.6040282057360453,-1.2336337123422094,-1.6723930613420581,1.5097964178976506,0.02770291860443696,0.5831605757602787,0.03504774625875034,-0.3540476976603411,0.10690184298562228,0.06397617430068074,-0.029186399914003052,0.1975606701951167,0.011873327051781726,-0.11994277963599526,0.03621575364177978,0.021673577393129046,-0.009887644959667883
8.24391786496812,1.0260952888987929,-1.6033280368588847,-1.2407067257423305,-1.6702574220682214,1.511074506531209,0.027119845196370097,0.5868690597442014,0.03527062484669967,-0.356299187680232,0.10758166221388055,0.0643830169913709,-0.02937200453325965,0.17487162964049546,0.010509723664882427,-0.10616783855735139,0.03205652143081902,0.019184455059464367,-0.008752089095952513
8.263830835263411,1.0378147556938333,-1.602623701011104,-1.2478218333285753,-1.668109072794841,1.5123602015551105,0.02653330169724382,0.5901236254354211,0.03546622310431437,-0.35827509541089153,0.10817827159553421,0.06474006215283953,-0.029534891154472828,0.15197506737348432,0.009133648295785852,-0.09226690716396395,0.027859247461831237,0.016672566362991754,-0.007606147050556837
8.2837438055587,1.049594478670088,-1.6019157437879463,-1.2549735235699506,-1.6659496776841891,1.5136525070395135,0.025943742457556002,0.5929204159518225,0.035634309234330835,-0.3599730792670179,0.10869096410781226,0.06504688666224079,-0.02967486674589714,0.1288986529557349,0.007746763875451672,-0.07825678416446508,0.023629003969219912,0.014140946818752304,-0.0064512036477048515
8.303656775853991,1.0614253083346563,-1.6012047150707296,-1.262156241638111,-1.6637809139718231,1.5149504192307746,0.025351625397080215,0.5952561253944499,0.03577468455338021,-0.36139113217549446,0.10911913373119643,0.0653031278428495,-0.02979176585175072,0.10567005594890036,0.006350733334839543,-0.06415426826748809,0.019370863187388915,0.01159263194178709,-0.005288643711620656
8.323569746149282,1.0732980348502246,-1.6004911683674485,-1.2693643960684882,-1.6616044699553123,1.5162529277551104,0.024757411455746493,0.597127998847508,0.03588718349198856,-0.36252758157539194,0.10946227544942193,0.06550848346406159,-0.029885450592215427,0.08231694591463143,0.004947219604909056,-0.049976158181664496,0.015089897350741545,0.0090306572471371,-0.0041198520665282545
8.343482716444571,1.0852033990067789,-1.5997756601533808,-1.2765923654214246,-1.6594220429829618,1.5175590168222592,0.024161564044521848,0.5985338323783586,0.03597167359457663,-0.36338108941796604,0.10971998524947656,0.06566271174139361,-0.02995581066343669,0.058866992414580696,0.0035378856166198313,-0.03573925261562738,0.010791178693681522,0.006458058249843403,-0.0029462135366517123
8.363395686739862,1.0971321031933159,-1.5990587492116897,-1.2838345049433026,-1.657235337442539,1.5188676664291436,0.023564548496291048,0.5994719730375243,0.03602805551946,-0.3639506521666586,0.10989196012160132,0.06576563133648299,-0.03000276333752359,0.035347865010400124,0.00212439430093153,-0.021460350278008706,0.006479779450612574,0.003877870464947111,-0.0017691129462150345
8.383308657035151,1.1090748223695535,-1.5983409959740287,-1.291085153227677,-1.655046062749998,1.520177853563531,0.022966831516737216,0.5999413188586866,0.036056263038849075,-0.3642356007970979,0.10997799805929016,0.06581712135708809,-0.03002625346254886,0.011787233263742173,0.000708408588803796,-0.007156249877441746,0.002160771855938183,0.0012931294074892494,-0.0005899351194423551
8.403221627330442,1.1210222150376437,-1.5976229618611446,-1.2983386388764053,-1.6528559313382054,1.5214885534076965,0.022368880635222476,0.5999413188586867,0.036056263038849075,-0.36423560079709777,0.10997799805929016,0.06581712135708807,-0.03002625346254885,-0.011787233263742675,-0.0007084085888037735,0.007156249877441519,-0.0021607718559381144,-0.0012931294074892082,0.0005899351194423912
8.423134597625733,1.1329649342138812,-1.5969052086234836,-1.3055892871607795,-1.6506666566456647,1.522798740542084,0.021771163655668644,0.5994719730375243,0.036028055519459985,-0.3639506521666585,0.10989196012160128,0.06576563133648297,-0.030002763337523577,-0.0353478650104015,-0.002124394300931535,0.02146035027800892,-0.0064797794506126155,-0.003877870464947125,0.0017691129462151253
8.443047567921022,1.144893638400418,-1.5961882976817925,-1.3128314266826573,-1.648479951105242,1.5241073901489683,0.021174148107437857,0.5985338323783587,0.03597167359457661,-0.363381089417966,0.10971998524947658,0.06566271174139358,-0.029955810663436683,-0.05886699241458157,-0.003537885616619804,0.03573925261562716,-0.010791178693681522,-0.006458058249843403,0.0029462135366517673
8.462960538216313,1.1567990025569725,-1.5954727894677248,-1.3200593960355937,-1.6462975241328914,1.5254134792161171,0.02057830069621321,0.5971279988475072,0.03588718349198852,-0.3625275815753916,0.10946227544942189,0.06550848346406153,-0.029885450592215413,-0.08231694591463186,-0.0049472196049090015,0.049976158181664496,-0.015089897350741436,-0.009030657247137044,0.004119852066528282
8.482873508511602,1.1686717290725408,-1.5947592427644437,-1.327267550465971,-1.6441210801163806,1.526715987740453,0.019984086754879483,0.59525612539445,0.03577468455338022,-0.36139113217549435,0.10911913373119644,0.0653031278428495,-0.029791765851750734,-0.10567005594890087,-0.006350733334839521,0.06415426826748787,-0.019370863187388846,-0.011592631941787048,0.005288643711620692
8.502786478806893,1.1805025587371092,-1.594048214047227,-1.3344502685341315,-1.6419523164040146,1.528013899931714,0.019391969694403686,0.5929204159518223,0.03563430923433081,-0.35997307926701766,0.1086909641078122,0.06504688666224072,-0.029674866745897116,-0.12889865295573638,-0.0077467638754517105,0.0782567841644655,-0.023629003969220103,-0.014140946818752331,0.0064512036477049235
8.522699449102184,1.1922822817133638,-1.5933402568240693,-1.3416019587755068,-1.6397929212933626,1.529306205416117,0.01880241045471587,0.5901236254354212,0.035466223104314354,-0.3582750954108914,0.10817827159553421,0.0647400621528395,-0.029534891154472834,-0.15197506737348532,-0.009133648295785862,0.09226690716396393,-0.027859247461831316,-0.016672566362991782,0.007606147050556881
8.542612419397473,1.2040017485084045,-1.5926359209762886,-1.3487170663617516,-1.6376445720199824,1.5305919004400186,0.018215866955589598,0.5868690597442014,0.035270624846699655,-0.356299187680232,0.10758166221388055,0.06438301699137086,-0.02937200453325964,-0.17487162964049593,-0.010509723664882403,0.10616783855735139,-0.03205652143081906,-0.019184455059464325,0.008752089095952549
8.562525389692764,1.2156518809454522,-1.591935752099128,-1.3557900797618727,-1.6355089327461454,1.531869989073577,0.01763279354752274,0.5831605757602786,0.03504774625875034,-0.35404769766034117,0.10690184298562225,0.06397617430068077,-0.02918639991400306,-0.19756067019511717,-0.011873327051781731,0.11994277963599526,-0.03621575364177982,-0.02167357739312906,0.009887644959667947
8.582438359988053,1.227223683135564,-1.5912402908423604,-1.3628155374033615,-1.6333876525495628,1.5331394844144142,0.017053640462618067,0.5790025813489267,0.03479785225162482,-0.3515233014487069,0.10613962193678349,0.06352001764973586,-0.028978297904412125,-0.22001451947569667,-0.013222795525524128,0.13357493169126247,-0.04033187186030975,-0.024136897848944776,0.0110114298174789
8.602351330283344,1.2387082524493431,-1.5905500722508934,-1.3697880343333246,-1.6312823634121094,1.5343994097912774,0.016478853265463937,0.5744000353585791,0.034521240850376306,-0.3487290096550032,0.10529590809664124,0.06301509105362378,-0.02874794668815965,-0.2422055079205825,-0.014556466155150044,0.14704749601452127,-0.044399803852005475,-0.026571380911870467,0.012122058845161491
8.622264300578635,1.2500967904886495,-1.589865625105372,-1.3767022288796156,-1.6291946782085505,1.5356487999677013,0.01590887230401488,0.569358447620828,0.03421824319395282,-0.34566816740108985,0.10437171149772563,0.062461998973552986,-0.02849562202488196,-0.2641059659681219,-0.01587267600969979,0.16034367389713905,-0.048414477382463246,-0.028973991066865136,0.013218147218491627
8.642177270873924,1.261380614058311,-1.5891874712627834,-1.3835528493119653,-1.6271261886952655,1.5368867023456694,0.015344132160472358,0.563883878950425,0.033889223535197195,-0.34234445432101335,0.10336814317581974,0.06186140631685269,-0.028221627250179064,-0.28568822405666483,-0.017169762158213787,0.17344666663048314,-0.05237082021727964,-0.03134169279888764,0.014298310113245291
8.662090241169215,1.2725511661378357,-1.5885161249970607,-1.3903347005031137,-1.6250784634989741,1.5381121781692755,0.014785061102165386,0.557982941145282,0.033534579240847066,-0.3387618845610049,0.10228641516995975,0.06121403843697309,-0.027926293275614644,-0.30692461262455734,-0.01844606166973231,0.18633967550592098,-0.05626376012205075,-0.03367145059289693,0.01536116270519836
8.682003211464506,1.283600026853123,-1.587852092339687,-1.3970426705899415,-1.6230530461054615,1.539324303728387,0.014232080532431097,0.5516627969864693,0.033154740791534874,-0.33492480677948333,0.10112784052243486,0.060520681133485105,-0.02760997858871595,-0.3277874621101485,-0.019699911613295817,0.19900590181481992,-0.060088224862373064,-0.035960228933852034,0.016405320170126872
8.701916181759795,1.2945189244481743,-1.5871958704202993,-1.4036717376346006,-1.6210514528483033,1.5405221715623048,0.013685604441495532,0.5449311602382163,0.03275017178178782,-0.33083790414705205,0.0998938332787871,0.059782180652080553,-0.02727306925297397,-0.34824910295178557,-0.02092964905794464,0.2114285468485482,-0.06383914220384315,-0.038204992306711844,0.01742939768380676
8.721829152055086,1.3052997462568046,-1.5865479468072927,-1.410216976285646,-1.6190751708975908,1.5417048916634268,0.013146038857354193,0.5377962956479118,0.03232136892002797,-0.32650619434650147,0.09858590848781154,0.05899944368457213,-0.026915978907843214,-0.36828186558781656,-0.02213361107271918,0.22359081189847274,-0.06751143991205721,-0.04040270519643523,0.018432010422014
8.741742122350376,1.315934549674354,-1.5859087988484237,-1.416673564439166,-1.6171256562486562,1.5428715926809082,0.01261378129665277,0.5302670189461033,0.03186886202857212,-0.3219350295728069,0.09720568220155652,0.05817343736889324,-0.026539148768741885,-0.38785808045659054,-0.02331013472665971,0.23547589825596096,-0.07110004575261171,-0.042550332087981334,0.0194117735605245
8.761655092645666,1.3264155731293987,-1.5852788930114157,-1.4230367898999146,-1.6152043317107978,1.5440214231243248,0.012089220215567749,0.5223526968465004,0.03139321404363196,-0.3171300965331311,0.09575487147532315,0.05730518928909833,-0.026143047627051864,-0.4069500779964555,-0.024457557088806686,0.24706700721238112,-0.07459988749110313,-0.04464483746630902,0.020367302275114272
8.781568062940957,1.3367352470554628,-1.5846586842245611,-1.4293020570424422,-1.6133125848960055,1.5451535525673332,0.011572734460687038,0.5140632470459671,0.030895021015313832,-0.31209741644682115,0.09423529436766535,0.05639578747536241,-0.02572817185011856,-0.4255301886457579,-0.02557421522820046,0.2583473400590996,-0.07800589289312763,-0.04668318581637706,0.02129721174155923
8.801481033236247,1.3468862048627273,-1.5840486152173268,-1.4354648934722263,-1.6114517662076862,1.5462671728513344,0.011064692719890773,0.5054091382245312,0.03037491210761913,-0.306843345045412,0.09264886994039079,0.05544638040398173,-0.02529504538125116,-0.44357074284284737,-0.026658446213881394,0.2693000980874848,-0.08131298972428185,-0.048662341623144645,0.022200117135635376
8.821394003531537,1.356861293909746,-1.5834491158609572,-1.4415209566868041,-1.6096231868293875,1.547361499289134,0.010565452973231783,0.4964013900453765,0.029833549598443785,-0.3013745725726227,0.09099761825855933,0.05445817699737303,-0.02484421973972234,-0.4610440710260702,-0.02770858711488978,0.27990848258890316,-0.08451610575016173,-0.05057926937157042,0.023074633633118544
8.841306973826827,1.3666535864751521,-1.5828606025090792,-1.4474660407369022,-1.607828116713525,1.5484357718686048,0.010075361943816329,0.4870515731548481,0.02927162887957867,-0.2956981237843594,0.08928366039048406,0.05343244662407396,-0.024376274020768564,-0.47792250363377575,-0.02872297500026604,0.29015569485472326,-0.08761016873636421,-0.05243093354661363,0.023919376409784865
8.861219944122118,1.3762563907293721,-1.5822834773383052,-1.453296082887569,-1.6060677825701068,1.5494892564563487,0.00959475454868481,0.4773718091824496,0.028689878456709436,-0.2898213579487142,0.0875092184077315,0.052370519098743185,-0.023891814895589763,-0.49417837110431173,-0.02969994693905059,0.30002493617631226,-0.09059010644848535,-0.05421429863323311,0.024732960641410163
8.881132914417408,1.3856632617063354,-1.5817181276888375,-1.4590071702793044,-1.604343365855458,1.550521246001358,0.00912395334969232,0.46737477074084566,0.028089059949416625,-0.2837519688459661,0.08567661538512103,0.051273784682160164,-0.023391476611349764,-0.5097840038760281,-0.03063784000028378,0.30949940784503827,-0.09345084665212182,-0.05592632911638787,0.02551400150377051
8.901045884712698,1.394868012275188,-1.5811649254050726,-1.4645955465891936,-1.602656000760946,1.551531061738678,0.008663268004389386,0.45707368142585675,0.027469968091175332,-0.27749798476857745,0.08378827540072435,0.05014369408122494,-0.022875920991175712,-0.5247117323872694,-0.03153499125300594,0.31856231115226774,-0.09618731711286976,-0.057563989481036824,0.026261114172641785
8.920958855007989,1.4038647241120021,-1.5806242261762047,-1.4700576186920358,-1.6010067722017074,1.5525180543930674,0.008212994716902539,0.4464823158164636,0.026833430729355713,-0.27106776852119896,0.08184672353586711,0.04898175844895868,-0.022345837434158602,-0.5389338870763857,-0.03238973776625744,0.32719684738936905,-0.09879444559632566,-0.059124244212138855,0.026972913823799998
8.94087182530328,1.412647758671487,-1.58009636887683,-1.4753899633214762,-1.5993967138053706,1.5534816053826623,0.00777341568881508,0.4356149994748083,0.026180308825222615,-0.26447001742066584,0.07985458587512732,0.04778954938450339,-0.021801942915352965,-0.5524227983817245,-0.03320041660907869,0.33538621784770867,-0.10126715986808574,-0.06060405779465283,0.02764801563302095
8.960784795598569,1.4212117681587002,-1.5795816749075504,-1.4805893337311378,-1.5978268059007839,1.5544211280226357,0.007344798570047641,0.42448660894619056,0.025511496453935717,-0.2577137632960013,0.07781458950633653,0.04656869893312182,-0.021244981985777126,-0.5651507967416334,-0.03396536485050998,0.3431136238186548,-0.10360038769374656,-0.06200039471353783,0.028285034776080787
8.98069776589386,1.4295517065007624,-1.579080447535578,-1.4856526663557528,-1.5962979735067377,1.5553360687288607,0.0069273959097388565,0.4131125717590703,0.024827920804549493,-0.2508083724884128,0.07572956252057872,0.045320899586197616,-0.020675726772412882,-0.5770902125944634,-0.03468291955959184,0.3503622665935761,-0.10578905683890479,-0.06331021945375309,0.02888258642875546
9.000610736189149,1.4376628403185616,-1.5785929712353388,-1.4905770874722915,-1.5948110843206926,1.5562259082215717,0.006521444607126101,0.4015088664250642,0.024130542180013103,-0.2437635458512938,0.0736024340121913,0.04404790428123506,-0.020094976978205656,-0.5882133763785569,-0.035351417805364306,0.357115347463837,-0.10782809506915608,-0.06453049650025681,0.02943928576682073
9.02052370648444,1.4455407598984742,-1.5781195110290764,-1.495359919861098,-1.5933669467075025,1.5570901627290272,0.00612716536242594,0.389692022438951,0.023420353997170715,-0.23658931875022388,0.07143623407876448,0.04275152640185946,-0.01950355988206463,-0.5984926185322654,-0.035969196656868097,0.36335606772080786,-0.1097124301500973,-0.06565819033800849,0.02995374796605271
9.04043667677973,1.4531813901640647,-1.5776603118274564,-1.499998689467016,-1.5919663076881405,1.5579283851911703,0.005744762127715096,0.37767912027866923,0.022698382786761208,-0.2292960610629705,0.06923409382114198,0.04143363977781726,-0.018902330338862624,-0.6079002694939384,-0.03653459318314342,0.369067628655856,-0.11143698984732493,-0.06669026545196714,0.030424588202227446
9.06034964707502,1.4605810016478082,-1.5772155977701705,-1.504491132060524,-1.5906098509284248,1.558740166463291,0.005374421557810788,0.36548779140531357,0.02196568819341817,-0.22189447717948496,0.06699924534341956,0.04009617868497529,-0.018292170779435905,-0.6164086597019216,-0.03704594445323069,0.37423323156034716,-0.11299670192643524,-0.06762368632709133,0.030850421651120653
9.08026261737031,1.467736221462793,-1.57678557156654,-1.5088351998988658,-1.5892981947277431,1.559525136519688,0.0050163124611516535,0.3531362182631395,0.021223362975670172,-0.21439560600190405,0.06473502175294675,0.038741137845321266,-0.01767399121058469,-0.6239901195945645,-0.03750158753617022,0.37883607772565087,-0.11438649415302486,-0.06845541744834047,0.031229863488508525
9.1001755876656,1.4746440442744366,-1.5763704138361203,-1.5130290683871799,-1.588031890007778,1.5602829656573314,0.0046705852506781845,0.3406431342795634,0.020472533005940464,-0.20681082094455377,0.06244485716032609,0.037370572426964,-0.0170487292150725,-0.630616979610212,-0.03789985950100237,0.3828593684431323,-0.1156012942926894,-0.06918242330067288,0.03156152889016684
9.12008855796089,1.4813018432721956,-1.5759702824493045,-1.5170711427396322,-1.5868114183012323,1.5610133656995224,0.0043373713947135045,0.32802782386515705,0.019714357270547066,-0.19915182993394187,0.06013228667941264,0.03598659804413294,-0.016417349951626716,-0.6362615701872145,-0.038239097416767565,0.38628630500416006,-0.11663603011102587,-0.06980166836904796,0.03184403303187162
9.140001528256182,1.4877073811412793,-1.5755853118679277,-1.5209600646405486,-1.5856371897405541,1.561716091199558,0.0040167828678440015,0.31531012241365525,0.018950027869702925,-0.19143067540876554,0.057800946427314676,0.03459139075717843,-0.015780846154938286,-0.6408962217639215,-0.03851763835250613,0.389100088700103,-0.11748562937363076,-0.07031011713842465,0.03207599108939883
9.15991449855147,1.4938588210343555,-1.5752156124858707,-1.5246947189055426,-1.5845095410466625,1.5623909406443897,0.003708911601799973,0.30251041630195025,0.018180770017515748,-0.18365973431990726,0.055454573524394084,0.03318718707257189,-0.01514023813566179,-0.6444932647786793,-0.038733819377258484,0.39128392082232705,-0.1181450198461001,-0.0707047340937617,0.032256018238524434
9.179827468846762,1.4997547375432665,-1.5748612699696647,-1.5282742401426495,-1.5834287335176724,1.563037757658288,0.0034138289363363425,0.28964964289009465,0.017407842041987965,-0.1758517181304343,0.053097006094264744,0.03177628394290504,-0.014496573780415543,-0.6470250296698353,-0.03888597756006497,0.3928210026622005,-0.11860912929403064,-0.07098248372001822,0.03238272965502447
9.199740439142051,1.505394127670741,-1.574522344599094,-1.5316980194134584,-1.5823949510176192,1.563656432206502,0.0031315850701131367,0.2767492905212975,0.016632535385016828,-0.1680196728155988,0.050732183263794056,0.03036103876689094,-0.013850928551781185,-0.6484638468757375,-0.038972449969965885,0.39369453551108985,-0.1188728854830184,-0.071140330502153,0.03245474051467465
9.219653409437342,1.510776421802098,-1.5741988706078012,-1.5349657108942365,-1.5814082979651858,1.5642469017989231,0.002862208511576432,0.26383139852193094,0.015856174602394527,-0.1601769788628436,0.04836414516310278,0.028943869389363393,-0.013204405488304434,-0.6487820468347341,-0.03899157367600164,0.393887720660363,-0.11893121617865982,-0.07117523892512513,0.03247066599325113
9.239566379732633,1.515901494676969,-1.5738908555238906,-1.5380772385370718,-1.5804687973224252,1.5648091526937458,0.0026057055298386936,0.25091855720152684,0.015080117363808012,-0.15233735127179393,0.045997032925564264,0.02752725410127707,-0.012558135204494471,-0.6479519599851772,-0.03894168574721277,0.3933837594013898,-0.11877904914655157,-0.0710841734738937,0.03242912126652995
9.259479350027922,1.5207696763610044,-1.5735982795105325,-1.5410328027309952,-1.579576388583488,1.5653432211011293,0.0023620596055595536,0.23803390785276748,0.0143057544528386,-0.1445148395542587,0.043635088687804066,0.026113731639706747,-0.01191327589082372,-0.6459459167654074,-0.0388211232526392,0.3921658530255324,-0.11841131215228962,-0.07086409863341699,0.032328721510286734
9.279392320323213,1.5253817632175761,-1.5733210947065672,-1.5438328869631124,-1.5787309257633468,1.5658491943868598,0.0021312308818267484,0.22520114275150732,0.01353450976696333,-0.13672382773424116,0.04128265558970277,0.0247059011878496,-0.011271013313729051,-0.6427362476137778,-0.03862822326132169,0.3902172028241631,-0.11782293296147082,-0.07051197888865474,0.0321680819002977
9.299305290618502,1.5297390288795065,-1.5730592245671082,-1.5464782644797417,-1.5779321753865214,1.5663272122760126,0.0019131556150362092,0.2124445051567511,0.012767840317553134,-0.12897903434792066,0.03894417777439244,0.02330642237502222,-0.010632560815610238,-0.6382952829686355,-0.03836132284230058,0.38752101008864837,-0.11700883933969126,-0.07002477872456546,0.03194581761233878
9.319218260913793,1.5338432352207652,-1.5728125632041476,-1.5489700049475383,-1.5771798144758034,1.5667774680566129,0.00170774562577318,0.19978878931066532,0.012007236229874237,-0.12129551244366928,0.03662420038825813,0.02191801527666254,-0.009999159314830997,-0.6325953532683283,-0.03801875906461619,0.3840604761103546,-0.11596395905254747,-0.06939946262610816,0.031660543822185916
9.339131231209084,1.5376966433281836,-1.5725809747271589,-1.551309481114628,-1.576473428540983,1.5672002097832987,0.0015148877496926894,0.1872593404385769,0.011254220743087538,-0.1136886495820423,0.03432736958093846,0.020543460414329633,-0.009372077305718722,-0.6256087889512035,-0.03759886899730869,0.3798188021806501,-0.11468321986563589,-0.06863299507824183,0.031310875705615
9.359044201504373,1.541302024473171,-1.5723642925837014,-1.5534983754717384,-1.5758125095675728,1.5675957414809814,0.0013344432884003152,0.1748820547489736,0.010510350210248912,-0.10617416783578362,0.03205843250532559,0.019185598755703206,-0.008752610858564443,-0.6173079204556126,-0.037099989709418794,0.37477918959090406,-0.11316154954455294,-0.06772234056592581,0.030895428438402154
9.378957171799664,1.5446626710834253,-1.5721623189000242,-1.5555386869133323,-1.5751964540055328,1.5679644243485094,0.0011662474603324757,0.16268337943349231,0.009777214098308371,-0.09876812378981589,0.029822237317562877,0.017847331714582977,-0.008142083619622504,-0.6076650782198975,-0.036520458269986525,0.3689248396324794,-0.11139387585489423,-0.06666446357411807,0.030412817196323112
9.398870142094953,1.5477824077146338,-1.571974823821671,-1.5574327373987344,-1.5746245607579978,1.5683066779623278,0.0010101088516377837,0.15069031266694408,0.009056434988111725,-0.09148690854125852,0.027623733177048568,0.016531621150891126,-0.007541846811111432,-0.5966525926824114,-0.03585861174805259,0.3622389535967479,-0.10937512656225738,-0.06545632858777851,0.029861657155153917
9.418783112390244,1.550665602022197,-1.5718015448540823,-1.559183178613265,-1.5740960291700001,1.5686229814801418,0.0008658088670569913,0.13893040360728853,0.008349668574398958,-0.08434724769940917,0.025467970246433012,0.01524148937066965,-0.00695327923121304,-0.5842427942814988,-0.03511278721265704,0.35470473277507564,-0.10710022943223799,-0.06409490009186554,0.029240563490670612
9.438696082685535,1.553317175732936,-1.571642186203201,-1.5607929986293725,-1.5736099570171962,1.5689138748445777,0.0007331011808040661,0.12743175239564983,0.007658603665804976,-0.07736620138575435,0.023360099691619722,0.013980019126081305,-0.006377787254072739,-0.57040801345551,-0.034281321732840354,0.3463053784588287,-0.10456411223043273,-0.06257714257133833,0.02854815137864904
9.458609052980824,1.5557426156168033,-1.5714964181160753,-1.5622655285677645,-1.5731653384945907,1.5691799599868457,0.0006117111874465384,0.11622301015630589,0.006984962184859366,-0.07056116423396436,0.021305373681764647,0.01275035361540989,-0.005816804829799704,-0.5551205806427927,-0.033362552377642865,0.33702409193937694,-0.10176170272243776,-0.060900020511155624,0.027783035994865195
9.478522023276115,1.5579479844585893,-1.5713638762214641,-1.5636044492585335,-1.572761062205264,1.5694219020303992,0.0005013354527866193,0.10533337899669962,0.006330499167986773,-0.06394986538989869,0.019309145389278054,0.01155569648306053,-0.005271793484466807,-0.5383528262816937,-0.03235481621610508,0.3268440745080857,-0.09868792867384958,-0.05906049839627661,0.026943832515095027
9.498434993571404,1.5599399320296423,-1.5712441608704393,-1.5648137979022958,-1.5723959091490949,1.5696404304946003,0.00040164116474131206,0.09479261200743333,0.005697002765506489,-0.05755036851160112,0.017376868989822214,0.010399311819558405,-0.004744242320110443,-0.5200770808105633,-0.03125645031726732,0.3157485274563253,-0.09533771785026482,-0.05705554071166018,0.02602915611511456
9.518347963866695,1.5617257060595762,-1.5711368364769907,-1.5658979747313202,-1.5720685507114862,1.5698363404983788,0.00031226558422346035,0.08463101326226229,0.005086294241632734,-0.05138107176930045,0.015514099662312479,0.009284524161550022,-0.004235668014730599,-0.5002656746677471,-0.030065791750169945,0.3037206520754607,-0.09170599801727972,-0.05488211194226508,0.025037621970699683
9.538260934161986,1.5633131632079769,-1.5710414308586305,-1.5668617496706552,-1.5717775466520922,1.5700104939638948,0.00023281549602237328,0.07487943781810832,0.004500227974474262,-0.04546070784541413,0.01372649358891768,0.008214718491802653,-0.003747614822291095,-0.4788909382915955,-0.02878117758385327,0.2907436496568608,-0.08778769694049059,-0.05253717657305057,0.023967845257626387
9.558173904457275,1.5647107800361204,-1.5709574345769959,-1.5677102689992641,-1.5715213430935417,1.5701638208202007,0.00016286665968420766,0.06556929171504695,0.003940691456034869,-0.03980834393454282,0.01201980795505922,0.0071933402392044595,-0.003281654572719189,-0.45592520212045407,-0.027400944887357517,0.2768007214918909,-0.08357774238549368,-0.05001769908897525,0.02281844115167055
9.578086874752566,1.565927663978683,-1.5708843002784543,-1.5684490620111586,-1.5712982705101628,1.5702973202069033,0.00010196326039274561,0.056732531976316676,0.0034096052922132575,-0.03444338174347614,0.010399900949411869,0.006223895278764021,-0.0028393866719059477,-0.43134079659267466,-0.02592343072972344,0.2618750688719235,-0.0790710621178859,-0.047320643974998536,0.021588024828608336
9.597999845047855,1.5669735643154465,-1.5708214420347073,-1.5690840476765229,-1.5711065417167107,1.5704120616778243,4.9617359850422094e-05,0.04840166660831413,0.0029089232028026175,-0.029385557491186022,0.008872731763903326,0.005309949931611544,-0.0024224381017059296,-0.40511005214660084,-0.024346972179991135,0.24594989308832046,-0.07426258390326321,-0.04444297571607905,0.020275211464215428
9.617912815343146,1.5678588831430196,-1.5707682346833933,-1.5696215413028525,-1.5709442498570905,1.5705091864046643,5.30834715819356e-06,0.04060975460059164,0.002440632021491002,-0.024654941908831954,0.007444360593713395,0.0044551309649973475,-0.002032463419937385,-0.377205299220581,-0.022669906307200918,0.2290083954324517,-0.06914723550722184,-0.04138165879717543,0.018878616234267977
9.637825785638437,1.5685946863465419,-1.5707240131686935,-1.5700682611960795,-1.5708093663930827,1.5705899083806623,-3.15176103029835e-05,0.033390405925864994,0.0020067516958612915,-0.020271940239760686,0.00612094863727583,0.0036631255922926717,-0.0016711447603821046,-0.34759886825296177,-0.020890570180393087,0.21103377719568325,-0.06371994469535801,-0.038133657703246907,0.01739685431454175
9.657738755933726,1.5691927145713906,-1.570688071881934,-1.5704313353217059,-1.570699739093071,1.5706555156242585,-6.144811599188837e-05,0.026777781540012462,0.0016093352873915634,-0.01625729223950534,0.00490875809627852,0.002937681472990426,-0.0013401918327857864,-0.31626308968209965,-0.01900730086860851,0.19200923966938696,-0.05797563923326926,-0.03469593691925264,0.01582854088081295
9.677651726229017,1.5696653941949095,-1.5706596640021917,-1.5707183079659373,-1.5706130900207638,1.5707073713827573,-8.510509332652905e-05,0.020806593382065617,0.0012504689714542424,-0.012632072175783238,0.003814152175660062,0.002282606712703315,-0.001041341922857642,-0.28317029394633697,-0.017018435440887155,0.17191798414492657,-0.05190924688655104,-0.031065460930151695,0.014172291108857463
9.697564696524307,1.570025848298102,-1.570638000836896,-1.5709371463968127,-1.570547013523921,1.570746915335987,-0.00010314533480324656,0.01551210437421207,0.0009322720373163885,-0.009417688828495582,0.002843595083612764,0.001701769863165205,-0.0007763598922702209,-0.2482928114840174,-0.014922310966269265,0.1507432119136691,-0.04551569542079938,-0.027239194220902225,0.012426720174450952
9.717477666819597,1.5702879076373473,-1.5706222511624353,-1.5710962475253298,-1.5704989742230808,1.5707756647999624,-0.00011626105111593732,0.010930128421811137,0.0006568968881405122,-0.006635885489736853,0.0020036520315829132,0.0011990999222314714,-0.0005470381786602719,-0.21160297273349743,-0.012717264513795637,0.12846812426698545,-0.038789912601612506,-0.02321410127646442,0.010590443253369908
9.737390637114888,1.5704661216161182,-1.5706115405647587,-1.571204444566586,-1.5704663050002832,1.5707952159305472,-0.00012518042027576115,0.00709703041337029,0.0004265290409835368,-0.004308739963780171,0.001300989234268953,0.0007785863338772472,-0.000355196795627721,-0.1730731081331195,-0.010401633152506319,0.10507592249623986,-0.03172682619458461,-0.018987146581796014,0.008662075521389846
9.757303607410178,1.5705757692566888,-1.570604950779982,-1.571271013700906,-1.5704462049877939,1.570807244927116,-0.00013066813673043298,0.004049726220557681,0.00024338712679685588,-0.0024586645670855193,0.0007423739096223667,0.00044427898819902065,-0.00020268333273611072,-0.13267554812123308,-0.007973753951441674,0.08054980789280063,-0.024321363965312807,-0.014555294621856308,0.006640232154286924
9.777216577705468,1.5706328701718377,-1.57060151903499,-1.5713056807349668,-1.5704357375568334,1.5708135092362139,-0.00013352596048306353,0.0018256826982063696,0.00010972289042740899,-0.001108406128304539,0.00033467427884807904,0.00020028822141455714,-9.137295551309273e-05,-0.0903826231361846,-0.005431963979642162,0.05487298174803599,-0.016568453679393885,-0.009915509881604495,0.004523528327836934
9.797129548000758,1.570654195536575,-1.570600237388042,-1.5713186277629396,-1.5704318283062988,1.5708158487552215,-0.0001345932662122698,0.00046291768430366205,2.7821190616338923e-05,-0.0002810459882690649,8.48595664037475e-05,5.078481586188557e-05,-2.3168405449504214e-05,-0.046166663616323926,-0.002774600306148067,0.02802864535331201,-0.008463023102423901,-0.005064756845999192,0.00231057921781598
9.817042518296049,1.570657279059838,-1.5706000520693744,-1.5713204998276122,-1.5704312630514898,1.570816187036014,-0.00013474759239071737,0.0,0.0,0.0,0.0,0.0,0.0,-1.7525726611537664e-15,0.0,0.0,0.0,0.0,1.095357913221104e-16
