time,q_base,q_shoulder_lift,q_elbow,q_wrist_1,q_wrist_2,q_wrist_3,qd_base,qd_shoulder_lift,qd_elbow,qd_wrist_1,qd_wrist_2,qd_wrist_3,qdd_base,qdd_shoulder_lift,qdd_elbow,qdd_wrist_1,qdd_wrist_2,qdd_wrist_3
0.0,-1.5707963267948966,-1.5707963267948966,-1.5707963267948966,-1.5707963267948966,1.5707963267948966,0.0,0.0,0.0,0.0,0.0,0.0,0.0,7.519619598852211,1.453743844154022,1.433323615398038,-0.3499279336223351,-0.6329633415815011,0.34599251399308323
0.026911582694076272,-1.568741591091255,-1.5703990913574832,-1.5704046711840356,-1.5708919445863903,1.5706233695914176,9.45424382641452e-05,0.2216216214000042,0.042845394451983765,0.04224356025721576,-0.010313233934649446,-0.01865498117344444,0.010197247471815813,8.95073251082041,1.730416295295139,1.706109745874641,-0.416525236515412,-0.7534271494950968,0.4118408388598809
0.05382316538815252,-1.5588679496126938,-1.568490252043187,-1.5685226446645881,-1.571351417690648,1.5697922566578855,0.0005488481371794625,0.4817567562750007,0.09313648245202444,0.09182822702254967,-0.022418706693308366,-0.04055183407519891,0.02216657758355084,7.030028339494298,1.3590927424478698,1.3400020444457401,-0.3271446457904553,-0.5917520388741291,0.3234654554860218
0.08073474808222877,-1.5428119175214057,-1.5653861910587972,-1.5654621853337,-1.5720985903445328,1.5684407415191952,0.0012876178096329158,0.5999999994000049,0.11599606790659323,0.11436671191588133,-0.027921194310877695,-0.050504949030543145,0.02760718217979405,1.0042897627849268,0.19415610606391498,0.1914288634921446,-0.046734949398626935,-0.08453600555334317,0.04620935078371763
0.10764633077630502,-1.5265740504120962,-1.5622469764958753,-1.5623670662142406,-1.5728542247498773,1.5670739204332944,0.002034754069543374,0.5358108102750023,0.10358657865982224,0.10213153440235345,-0.024934129604197608,-0.045101829483350286,0.024653711113262033,-2.87477944597169,-0.5557718536081675,-0.5479651217464159,0.13377879265371845,0.24198431589671998,-0.1322742666183918
0.13455791347038126,-1.5139728836632143,-1.5598108335035967,-1.5599651428662165,-1.5734406241260293,1.5660132182916044,0.0026145585803137514,0.4452702698250093,0.08608266751176075,0.08487349454118487,-0.020720796228449245,-0.037480587174695046,0.020487762450995768,-2.1090085018483693,-0.40772782273439456,-0.4020006133337488,0.0981433937371829,0.17752561166213332,-0.09703963664580728
0.16146949616445752,-1.5026081950368777,-1.5576137348453367,-1.5577989060804802,-1.5739694835922555,1.565056596590946,0.0031374702963765,0.42229729687499784,0.08164137662343762,0.08049458890475236,-0.019651741491326646,-0.03554683912622636,0.01943073070086853,-0.42682314918385966,-0.08251634507739825,-0.08135726698452284,0.01986235349411941,0.03592780236038373,-0.019638974083079408
0.18838107885853375,-1.4912435064105414,-1.555416636187077,-1.5556326692947444,-1.5744983430584822,1.5640999748902875,0.0036603820124392504,0.4222972968749943,0.08164137662343407,0.08049458890474881,-0.019651741491337305,-0.035546839126219254,0.019430730700868544,6.661338147750939e-14,6.616929226765933e-14,6.639133687258436e-14,-6.605826996519681e-14,-1.1102230246251565e-16,-5.551115123125783e-17
0.21529266155261004,-1.479878817784205,-1.553219537528817,-1.5534664325090084,-1.575027202524709,1.5631433531896293,0.004183293728502,0.4222972968750014,0.08164137662344118,0.08049458890475591,-0.0196517414913302,-0.03554683912622636,0.019430730700868523,1.9806378759312793e-13,2.6401103525586223e-13,2.637889906509372e-13,1.9806378759312793e-13,-1.979527652906654e-13,5.551115123125783e-17
0.24220424424668627,-1.4685141291578687,-1.5510224388705571,-1.5513001957232726,-1.5755560619909355,1.5621867314889708,0.00470620544456475,0.42229729687500495,0.08164137662344828,0.08049458890476302,-0.019651741491326646,-0.03554683912622991,0.01943073070086855,-1.7763568394002505e-15,1.318944953254686e-13,1.3167245072054357e-13,6.605826996519681e-14,6.605826996519681e-14,0.0
0.26911582694076247,-1.4571494405315322,-1.548825340212297,-1.5491339589375364,-1.576084921457162,1.5612301097883123,0.0052291171606275,0.4222972968750014,0.08164137662344828,0.08049458890476302,-0.019651741491326646,-0.03554683912622281,0.019430730700868523,-6.661338147750939e-14,-1.3233858453531866e-13,-6.616929226765933e-14,6.600275881396556e-14,-6.59472476627343e-14,-5.551115123125783e-16
0.29602740963483876,-1.4457847519051958,-1.546628241554037,-1.5469677221518006,-1.5766137809233884,1.560273488087654,0.00575202887669025,0.4222972968750014,0.08164137662344118,0.08049458890475947,-0.019651741491323094,-0.035546839126233465,0.019430730700868523,-8.881784197001252e-16,-1.3211653993039363e-13,-6.616929226765933e-14,0.0,-6.583622536027178e-14,7.216449660063518e-16
0.322938992328915,-1.4344200632788593,-1.544431142895777,-1.5448014853660643,-1.577142640389615,1.5593168663869954,0.006274940592753,0.4222972968750014,0.08164137662344118,0.08049458890475947,-0.019651741491326646,-0.03554683912622636,0.019430730700868565,0.0,0.0,-1.318944953254686e-13,-1.9800827644189667e-13,3.3006930522105904e-13,9.992007221626409e-16
0.3498505750229912,-1.423055374652523,-1.542234044237517,-1.5426352485803283,-1.5776714998558414,1.5583602446863372,0.00679785230881575,0.4222972968750014,0.08164137662344118,0.08049458890475236,-0.019651741491333752,-0.0355468391262157,0.01943073070086858,6.661338147750939e-14,-6.572520305780927e-14,-6.572520305780927e-14,0.0,-1.1102230246251565e-16,-9.992007221626409e-16
0.3767621577170675,-1.4116906860261862,-1.540036945579257,-1.5404690117945923,-1.578200359322068,1.5574036229856787,0.007320764024878501,0.42229729687500495,0.08164137662343762,0.08049458890475591,-0.019651741491326646,-0.03554683912622636,0.01943073070086851,-6.572520305780927e-14,-6.616929226765933e-14,0.0,0.0,-6.59472476627343e-14,2.7755575615628914e-16
0.4036737404111438,-1.4003259973998499,-1.5378398469209973,-1.5383027750088563,-1.5787292187882944,1.5564470012850202,0.007843675740941249,0.42229729687499784,0.08164137662343762,0.08049458890475236,-0.019651741491333752,-0.035546839126219254,0.019430730700868593,8.881784197001252e-16,1.9828583219805296e-13,6.616929226765933e-14,-5.551115123125783e-17,-1.1102230246251565e-16,1.0547118733938987e-15
0.43058532310521996,-1.3889613087735133,-1.535642748262737,-1.5361365382231202,-1.579258078254521,1.5554903795843618,0.008366587457004,0.42229729687500495,0.08164137662344828,0.08049458890475947,-0.019651741491326646,-0.03554683912622636,0.019430730700868565,-6.750155989720952e-14,-2.220446049250313e-16,6.59472476627343e-14,6.605826996519681e-14,-6.583622536027178e-14,-1.5543122344752192e-15
0.45749690579929625,-1.377596620147177,-1.5334456496044773,-1.5339703014373842,-1.5797869377207476,1.5545337578837035,0.00888949917306675,0.4222972968749943,0.08164137662343762,0.08049458890475591,-0.0196517414913302,-0.03554683912622281,0.01943073070086851,-2.637889906509372e-13,-2.6401103525586223e-13,-1.9806378759312793e-13,-1.9800827644189667e-13,6.59472476627343e-14,0.0
0.48440848849337254,-1.3662319315208407,-1.5312485509462173,-1.5318040646516482,-1.5803157971869741,1.553577136183045,0.0094124108891295,0.42229729687499074,0.08164137662343407,0.08049458890474881,-0.019651741491337305,-0.03554683912622281,0.019430730700868565,1.3322676295501878e-13,6.616929226765933e-14,2.220446049250313e-16,6.59472476627343e-14,-1.3211653993039363e-13,1.0547118733938987e-15
0.5113200711874487,-1.3548672428945043,-1.5290514522879575,-1.5296378278659124,-1.5808446566532008,1.5526205144823866,0.00993532260519225,0.4222972968750014,0.08164137662344118,0.08049458890475591,-0.019651741491326646,-0.03554683912622991,0.019430730700868565,1.305622276959184e-13,6.59472476627343e-14,1.318944953254686e-13,1.9806378759312793e-13,0.0,-5.551115123125783e-16
0.5382316538815249,-1.3435025542681678,-1.5268543536296975,-1.5274715910801762,-1.5813735161194271,1.5516638927817281,0.010458234321255,0.42229729687499784,0.08164137662343762,0.08049458890475591,-0.019651741491326646,-0.03554683912622281,0.019430730700868537,0.0,6.59472476627343e-14,2.220446049250313e-16,-6.600275881396556e-14,6.605826996519681e-14,-1.4988010832439613e-15
0.5651432365756013,-1.3321378656418315,-1.5246572549714377,-1.5253053542944404,-1.5819023755856538,1.5507072710810699,0.01098114603731775,0.4222972968750014,0.08164137662344473,0.08049458890475591,-0.0196517414913302,-0.03554683912622636,0.01943073070086848,1.3145040611561853e-13,6.59472476627343e-14,-2.220446049250313e-16,0.0,-6.59472476627343e-14,4.440892098500626e-16
0.5920548192696775,-1.3207731770154947,-1.5224601563131774,-1.5231391175087041,-1.58243123505188,1.5497506493804112,0.0115040577533805,0.42229729687500495,0.08164137662344118,0.08049458890475591,-0.019651741491326646,-0.03554683912622636,0.019430730700868565,0.0,-6.59472476627343e-14,0.0,-6.600275881396556e-14,0.0,1.5543122344752192e-15
0.6189664019637537,-1.3094084883891584,-1.5202630576549176,-1.5209728807229683,-1.5829600945181068,1.548794027679753,0.01202696946944325,0.4222972968750014,0.08164137662344118,0.08049458890475591,-0.019651741491333752,-0.03554683912622636,0.019430730700868565,-6.572520305780927e-14,6.59472476627343e-14,6.59472476627343e-14,-6.600275881396556e-14,0.0,-5.551115123125783e-16
0.64587798465783,-1.2980437997628218,-1.5180659589966574,-1.518806643937232,-1.5834889539843333,1.5478374059790942,0.012549881185506,0.4222972968750014,0.08164137662344473,0.08049458890475947,-0.0196517414913302,-0.03554683912622636,0.019430730700868537,-6.572520305780927e-14,-6.616929226765933e-14,-6.59472476627343e-14,1.3200551762793111e-13,1.3200551762793111e-13,0.0
0.6727895673519062,-1.2866791111364855,-1.5158688603383976,-1.516640407151496,-1.5840178134505598,1.546880784278436,0.01307279290156875,0.42229729687499784,0.08164137662343762,0.08049458890475236,-0.019651741491326646,-0.035546839126219254,0.019430730700868565,0.0,0.0,0.0,0.0,1.3200551762793111e-13,5.551115123125783e-16
0.6997011500459824,-1.2753144225101491,-1.5136717616801378,-1.5144741703657603,-1.5845466729167863,1.5459241625777778,0.0135957046176315,0.4222972968750014,0.08164137662344473,0.08049458890475947,-0.0196517414913302,-0.035546839126219254,0.019430730700868565,6.661338147750939e-14,1.318944953254686e-13,6.616929226765933e-14,-1.3206102877916237e-13,-1.9806378759312793e-13,-4.440892098500626e-16
0.7266127327400588,-1.2639497338838126,-1.5114746630218776,-1.512307933580024,-1.5850755323830128,1.5449675408771193,0.014118616333694252,0.4222972968750014,0.08164137662344473,0.08049458890475591,-0.019651741491333752,-0.03554683912622991,0.019430730700868537,0.0,-6.59472476627343e-14,-6.616929226765933e-14,6.600275881396556e-14,-6.605826996519681e-14,-1.5543122344752192e-15
0.753524315434135,-1.2525850452574763,-1.5092775643636178,-1.5101416967942882,-1.5856043918492395,1.5440109191764608,0.014641528049757001,0.4222972968750014,0.08164137662344118,0.08049458890475591,-0.019651741491326646,-0.03554683912622281,0.01943073070086848,-1.3233858453531866e-13,-1.318944953254686e-13,2.220446049250313e-16,6.605826996519681e-14,1.3200551762793111e-13,5.551115123125783e-17
0.7804358981282113,-1.2412203566311397,-1.5070804657053576,-1.507975460008552,-1.5861332513154658,1.5430542974758024,0.01516443976581975,0.4222972968749943,0.08164137662343762,0.08049458890475591,-0.0196517414913302,-0.03554683912622281,0.019430730700868537,-6.483702463810914e-14,-1.9806378759312793e-13,-1.318944953254686e-13,-2.6401103525586223e-13,1.318944953254686e-13,3.164135620181696e-15
0.8073474808222875,-1.2298556680048034,-1.5048833670470978,-1.505809223222816,-1.5866621107816925,1.542097675775144,0.015687351481882498,0.42229729687499784,0.08164137662343052,0.08049458890474881,-0.019651741491340857,-0.0355468391262157,0.019430730700868648,1.9984014443252818e-13,2.220446049250313e-16,4.440892098500626e-16,6.59472476627343e-14,-6.605826996519681e-14,1.1657341758564144e-15
0.8342590635163637,-1.2184909793784668,-1.5026862683888378,-1.50364298643708,-1.587190970247919,1.5411410540744854,0.01621026319794525,0.42229729687500495,0.08164137662343762,0.08049458890475591,-0.019651741491326646,-0.03554683912622636,0.019430730700868593,1.3145040611561853e-13,1.9806378759312793e-13,1.978417429882029e-13,1.9800827644189667e-13,-1.9806378759312793e-13,-2.1094237467877974e-15
0.8611706462104399,-1.2071262907521303,-1.500489169730578,-1.501476749651344,-1.5877198297141455,1.540184432373827,0.016733174914008,0.42229729687500495,0.08164137662344118,0.08049458890475947,-0.0196517414913302,-0.03554683912622636,0.019430730700868537,-6.572520305780927e-14,1.318944953254686e-13,6.616929226765933e-14,0.0,6.59472476627343e-14,-2.0539125955565396e-15
0.8880822289045163,-1.1957616021257937,-1.4982920710723178,-1.4993105128656077,-1.588248689180372,1.5392278106731685,0.01725608663007075,0.4222972968750014,0.08164137662344473,0.08049458890475947,-0.019651741491326646,-0.03554683912622281,0.01943073070086848,-6.572520305780927e-14,-6.59472476627343e-14,-6.616929226765933e-14,6.600275881396556e-14,0.0,9.992007221626409e-16
0.9149938115985925,-1.1843969134994574,-1.496094972414058,-1.4971442760798719,-1.5887775486465985,1.5382711889725103,0.0177789983461335,0.4222972968750014,0.08164137662343762,0.08049458890475591,-0.019651741491326646,-0.03554683912622636,0.019430730700868593,-1.3233858453531866e-13,-6.59472476627343e-14,-1.978417429882029e-13,-1.3200551762793111e-13,0.0,9.992007221626409e-16
0.9419053942926687,-1.1730322248731209,-1.493897873755798,-1.4949780392941356,-1.589306408112825,1.5373145672718516,0.018301910062196253,0.4222972968749943,0.08164137662344118,0.08049458890474881,-0.019651741491333752,-0.03554683912622281,0.019430730700868537,-1.3233858453531866e-13,-6.616929226765933e-14,-1.318944953254686e-13,-1.3206102877916237e-13,1.979527652906654e-13,-9.992007221626409e-16
0.9688169769867451,-1.1616675362467848,-1.4917007750975382,-1.4928118025084,-1.5898352675790517,1.5363579455711935,0.018824821778259,0.4222972968749943,0.08164137662343407,0.08049458890474881,-0.019651741491333752,-0.0355468391262157,0.019430730700868537,8.881784197001252e-16,-1.318944953254686e-13,1.3233858453531866e-13,-6.600275881396556e-14,6.583622536027178e-14,2.1094237467877974e-15
0.9957285596808212,-1.1503028476204482,-1.4895036764392782,-1.4906455657226638,-1.590364127045278,1.535401323870535,0.01934773349432175,0.4222972968749943,0.08164137662343407,0.08049458890475591,-0.019651741491337305,-0.035546839126219254,0.019430730700868648,1.341149413747189e-13,6.616929226765933e-14,6.639133687258436e-14,-6.605826996519681e-14,-1.9817480989559044e-13,1.1102230246251565e-16
1.0226401423748974,-1.1389381589941119,-1.4873065777810184,-1.4884793289369278,-1.5908929865115047,1.5344447021698766,0.0198706452103845,0.4222972968750014,0.08164137662343762,0.08049458890475236,-0.019651741491337305,-0.03554683912622636,0.019430730700868537,6.661338147750939e-14,1.9806378759312793e-13,0.0,1.9800827644189667e-13,-1.3200551762793111e-13,-1.0547118733938987e-15
1.0495517250689737,-1.1275734703677753,-1.4851094791227584,-1.486313092151192,-1.5914218459777314,1.5334880804692181,0.02039355692644725,0.42229729687499784,0.08164137662344473,0.08049458890475591,-0.019651741491326646,-0.03554683912622636,0.019430730700868593,6.572520305780927e-14,1.9806378759312793e-13,1.318944953254686e-13,2.6401103525586223e-13,-6.59472476627343e-14,-9.992007221626409e-16
1.0764633077630499,-1.116208781741439,-1.4829123804644984,-1.4841468553654558,-1.5919507054439577,1.5325314587685597,0.02091646864251,0.42229729687500495,0.08164137662344828,0.08049458890475947,-0.019651741491323094,-0.03554683912622991,0.01943073070086848,-6.661338147750939e-14,-6.616929226765933e-14,-6.639133687258436e-14,-1.9800827644189667e-13,1.3211653993039363e-13,-1.0547118733938987e-15
1.1033748904571263,-1.1048440931151025,-1.4807152818062383,-1.48198061857972,-1.5924795649101844,1.5315748370679012,0.021439380358572752,0.4222972968749943,0.08164137662344118,0.08049458890475236,-0.019651741491337305,-0.035546839126219254,0.019430730700868537,-6.483702463810914e-14,-6.572520305780927e-14,2.220446049250313e-16,-6.600275881396556e-14,1.318944953254686e-13,1.1102230246251565e-15
1.1302864731512026,-1.0934794044887661,-1.4785181831479783,-1.4798143817939837,-1.5930084243764109,1.530618215367243,0.0219622920746355,0.4222972968750014,0.08164137662344473,0.08049458890475947,-0.019651741491326646,-0.03554683912622281,0.019430730700868537,6.483702463810914e-14,-6.616929226765933e-14,-6.616929226765933e-14,0.0,0.0,1.0547118733938987e-15
1.1571980558452786,-1.0821147158624296,-1.4763210844897183,-1.477648145008248,-1.5935372838426374,1.5296615936665845,0.02248520379069825,0.42229729687499784,0.08164137662343762,0.08049458890474881,-0.019651741491337305,-0.035546839126219254,0.019430730700868593,-1.9628743075372768e-13,-2.637889906509372e-13,-1.318944953254686e-13,-1.9806378759312793e-13,6.59472476627343e-14,1.1102230246251565e-15
1.184109638539355,-1.0707500272360932,-1.4741239858314585,-1.475481908222512,-1.594066143308864,1.5287049719659263,0.023008115506761,0.42229729687499074,0.08164137662343052,0.08049458890475236,-0.019651741491337305,-0.035546839126219254,0.019430730700868593,6.661338147750939e-14,0.0,1.3233858453531866e-13,1.9800827644189667e-13,-1.3211653993039363e-13,5.551115123125783e-17
1.2110212212334313,-1.059385338609757,-1.4719268871731988,-1.4733156714367759,-1.5945950027750906,1.5277483502652678,0.023531027222823752,0.4222972968750014,0.08164137662343762,0.08049458890475591,-0.019651741491326646,-0.03554683912622636,0.019430730700868593,2.637889906509372e-13,2.6401103525586223e-13,6.59472476627343e-14,1.3200551762793111e-13,-1.3200551762793111e-13,-1.0547118733938987e-15
1.2379328039275075,-1.0480206499834204,-1.4697297885149387,-1.4711494346510399,-1.595123862241317,1.5267917285646093,0.0240539389388865,0.42229729687500495,0.08164137662344473,0.08049458890475591,-0.0196517414913302,-0.03554683912622636,0.019430730700868537,-6.572520305780927e-14,1.3211653993039363e-13,6.59472476627343e-14,-6.600275881396556e-14,0.0,-1.0547118733938987e-15
1.2648443866215837,-1.0366559613570838,-1.4675326898566787,-1.4689831978653038,-1.5956527217075436,1.5258351068639509,0.024576850654949252,0.42229729687499784,0.08164137662344473,0.08049458890475947,-0.0196517414913302,-0.03554683912622636,0.019430730700868537,-6.572520305780927e-14,-6.59472476627343e-14,0.0,6.600275881396556e-14,0.0,-9.992007221626409e-16
1.29175596931566,-1.0252912727307475,-1.4653355911984187,-1.4668169610795676,-1.59618158117377,1.5248784851632924,0.025099762371012,0.4222972968750014,0.08164137662344118,0.08049458890475591,-0.019651741491326646,-0.03554683912622636,0.01943073070086848,1.3145040611561853e-13,-6.59472476627343e-14,-6.59472476627343e-14,6.600275881396556e-14,-6.59472476627343e-14,0.0
1.3186675520097362,-1.013926584104411,-1.4631384925401587,-1.4646507242938318,-1.5967104406399966,1.523921863462634,0.025622674087074748,0.42229729687500495,0.08164137662344118,0.08049458890475591,-0.019651741491326646,-0.03554683912622991,0.019430730700868537,0.0,6.59472476627343e-14,0.0,-6.600275881396556e-14,-6.59472476627343e-14,3.1086244689504383e-15
1.3455791347038124,-1.0025618954780744,-1.4609413938818987,-1.4624844875080956,-1.597239300106223,1.5229652417619755,0.0261455858031375,0.4222972968750014,0.08164137662344473,0.08049458890475591,-0.0196517414913302,-0.03554683912622991,0.019430730700868648,-6.572520305780927e-14,6.59472476627343e-14,0.0,-6.600275881396556e-14,1.979527652906654e-13,1.0547118733938987e-15
1.3724907173978886,-0.9911972068517381,-1.4587442952236387,-1.4603182507223598,-1.5977681595724496,1.522008620061317,0.02666849751920025,0.4222972968750014,0.08164137662344473,0.08049458890475591,-0.0196517414913302,-0.035546839126219254,0.019430730700868593,0.0,0.0,6.59472476627343e-14,0.0,6.59472476627343e-14,-4.163336342344337e-15
1.3994023000919649,-0.9798325182254015,-1.4565471965653787,-1.4581520139366235,-1.598297019038676,1.5210519983606587,0.027191409235263,0.4222972968750014,0.08164137662344473,0.08049458890475947,-0.0196517414913302,-0.03554683912622636,0.019430730700868426,-6.661338147750939e-14,-1.3211653993039363e-13,-4.440892098500626e-16,0.0,-6.583622536027178e-14,-1.0547118733938987e-15
1.4263138827860413,-0.9684678295990651,-1.4543500979071187,-1.4559857771508877,-1.5988258785049028,1.5200953766600003,0.02771432095132575,0.42229729687499784,0.08164137662343762,0.08049458890475591,-0.0196517414913302,-0.03554683912622281,0.019430730700868537,8.881784197001252e-16,-1.318944953254686e-13,-6.572520305780927e-14,6.600275881396556e-14,6.59472476627343e-14,2.1649348980190553e-15
1.4532254654801176,-0.9571031409727286,-1.4521529992488589,-1.4538195403651515,-1.599354737971129,1.5191387549593418,0.028237232667388503,0.4222972968750014,0.08164137662343762,0.08049458890475591,-0.019651741491326646,-0.03554683912622281,0.019430730700868537,6.572520305780927e-14,1.3211653993039363e-13,0.0,0.0,0.0,0.0
1.4801370481741938,-0.9457384523463922,-1.4499559005905989,-1.4516533035794157,-1.5998835974373558,1.5181821332586836,0.02876014438345125,0.4222972968750014,0.08164137662344473,0.08049458890475591,-0.0196517414913302,-0.03554683912622281,0.019430730700868537,-6.572520305780927e-14,0.0,6.59472476627343e-14,-6.600275881396556e-14,-6.605826996519681e-14,2.1094237467877974e-15
1.50704863086827,-0.9343737637200558,-1.4477588019323389,-1.4494870667936794,-1.600412456903582,1.517225511558025,0.029283056099514003,0.42229729687499784,0.08164137662343762,0.08049458890475947,-0.0196517414913302,-0.03554683912622636,0.019430730700868648,-6.572520305780927e-14,-6.59472476627343e-14,6.59472476627343e-14,6.600275881396556e-14,-1.3200551762793111e-13,-4.107825191113079e-15
1.5339602135623462,-0.9230090750937194,-1.445561703274079,-1.4473208300079436,-1.6009413163698087,1.5162688898573666,0.029805967815576755,0.42229729687499784,0.08164137662344118,0.08049458890475947,-0.019651741491326646,-0.03554683912622991,0.019430730700868315,1.305622276959184e-13,1.978417429882029e-13,6.572520305780927e-14,1.3200551762793111e-13,-1.318944953254686e-13,-4.218847493575595e-15
1.5608717962564227,-0.911644386467383,-1.443364604615819,-1.4451545932222074,-1.6014701758360352,1.5153122681567082,0.0303288795316395,0.42229729687500495,0.08164137662344828,0.08049458890476302,-0.019651741491323094,-0.035546839126233465,0.019430730700868426,6.483702463810914e-14,-2.220446049250313e-16,-1.9828583219805296e-13,-2.6395552410463097e-13,1.3200551762793111e-13,6.106226635438361e-15
1.5877833789504985,-0.9002796978410466,-1.441167505957559,-1.4429883564364716,-1.6019990353022617,1.5143556464560497,0.030851791247702248,0.4222972968750014,0.08164137662344118,0.08049458890474881,-0.019651741491340857,-0.03554683912622281,0.019430730700868648,-6.483702463810914e-14,-1.3167245072054357e-13,-1.978417429882029e-13,-1.9811929874435918e-13,1.979527652906654e-13,2.1094237467877974e-15
1.614694961644575,-0.88891500921471,-1.438970407299299,-1.4408221196507354,-1.6025278947684884,1.5133990247553912,0.031374702963764996,0.4222972968750014,0.08164137662344118,0.08049458890475236,-0.019651741491333752,-0.03554683912622281,0.019430730700868537,8.881784197001252e-16,0.0,1.3233858453531866e-13,1.9800827644189667e-13,-1.1102230246251565e-16,5.551115123125783e-17
1.6416065443386512,-0.8775503205883736,-1.436773308641039,-1.4386558828649996,-1.6030567542347147,1.5124424030547328,0.03189761467982775,0.4222972968750014,0.08164137662344118,0.08049458890475591,-0.0196517414913302,-0.03554683912622281,0.019430730700868648,-3.2862601528904634e-14,-6.616929226765933e-14,6.59472476627343e-14,6.600275881396556e-14,6.59472476627343e-14,2.1094237467877974e-15
1.6685181270327274,-0.8661856319620371,-1.434576209982779,-1.4364896460792633,-1.6035856137009414,1.5114857813540745,0.0324205263958905,0.4222972968749996,0.08164137662343762,0.08049458890475591,-0.0196517414913302,-0.035546839126219254,0.019430730700868648,0.0,-1.3211653993039363e-13,-6.59472476627343e-14,6.600275881396556e-14,0.0,-2.1094237467877974e-15
1.6954297097268036,-0.8548209433357008,-1.4323791113245194,-1.4343234092935275,-1.604114473167168,1.5105291596534163,0.03294343811195325,0.4222972968750014,0.08164137662343407,0.08049458890475236,-0.019651741491326646,-0.03554683912622281,0.019430730700868537,0.0,6.616929226765933e-14,0.0,-6.600275881396556e-14,-1.3200551762793111e-13,0.0
1.7223412924208799,-0.8434562547093643,-1.4301820126662594,-1.4321571725077915,-1.6046433326333944,1.5095725379527578,0.033466349828016,0.4222972968749996,0.08164137662344118,0.08049458890475591,-0.019651741491333752,-0.03554683912622636,0.019430730700868648,0.0,2.6401103525586223e-13,2.6401103525586223e-13,0.0,-1.3200551762793111e-13,-4.107825191113079e-15
1.749252875114956,-0.8320915660830279,-1.4279849140079994,-1.4299909357220555,-1.6051721920996211,1.5086159162520993,0.033989261544078754,0.4222972968750014,0.08164137662344828,0.08049458890476657,-0.019651741491326646,-0.03554683912622991,0.019430730700868315,-8.881784197001252e-16,-6.59472476627343e-14,-6.639133687258436e-14,6.600275881396556e-14,6.616929226765933e-14,-2.1094237467877974e-15
1.7761644578090325,-0.8207268774566914,-1.4257878153497394,-1.4278246989363192,-1.6057010515658474,1.5076592945514409,0.0345121732601415,0.4222972968749996,0.08164137662343762,0.08049458890475236,-0.0196517414913302,-0.03554683912622281,0.019430730700868537,8.881784197001252e-16,-1.318944953254686e-13,-1.9761969838327786e-13,0.0,6.583622536027178e-14,6.2727600891321345e-15
1.8030760405031088,-0.8093621888303549,-1.4235907166914794,-1.4256584621505834,-1.6062299110320741,1.5067026728507824,0.03503508497620425,0.4222972968750014,0.08164137662344118,0.08049458890475591,-0.019651741491326646,-0.03554683912622636,0.019430730700868648,6.572520305780927e-14,6.616929226765933e-14,6.59472476627343e-14,0.0,-6.605826996519681e-14,2.1094237467877974e-15
1.829987623197185,-0.7979975002040185,-1.4213936180332194,-1.4234922253648472,-1.6067587704983004,1.505746051150124,0.035557996692267,0.42229729687500317,0.08164137662344118,0.08049458890475591,-0.0196517414913302,-0.03554683912622636,0.019430730700868648,-3.2862601528904634e-14,6.59472476627343e-14,0.0,-1.9800827644189667e-13,0.0,-2.1094237467877974e-15
1.8568992058912612,-0.786632811577682,-1.4191965193749594,-1.4213259885791114,-1.6072876299645271,1.5047894294494655,0.036080908408329754,0.4222972968749996,0.08164137662344473,0.08049458890475591,-0.019651741491337305,-0.03554683912622636,0.019430730700868537,-1.3233858453531866e-13,0.0,6.59472476627343e-14,0.0,0.0,-6.217248937900877e-15
1.8838107885853375,-0.7752681229513456,-1.4169994207166994,-1.4191597517933752,-1.6078164894307538,1.503832807748807,0.036603820124392505,0.42229729687499606,0.08164137662344118,0.08049458890475947,-0.0196517414913302,-0.03554683912622636,0.019430730700868315,1.3145040611561853e-13,-1.3211653993039363e-13,6.572520305780927e-14,2.640665464070935e-13,6.616929226765933e-14,-2.1649348980190553e-15
1.910722371279414,-0.7639034343250093,-1.4148023220584396,-1.4169935150076394,-1.6083453488969803,1.5028761860481488,0.03712673184045525,0.4222972968750067,0.08164137662343762,0.08049458890475947,-0.019651741491323094,-0.03554683912622281,0.019430730700868426,6.483702463810914e-14,-1.3233858453531866e-13,-6.616929226765933e-14,-6.59472476627343e-14,1.3211653993039363e-13,6.106226635438361e-15
1.9376339539734897,-0.7525387456986727,-1.4126052234001798,-1.4148272782219034,-1.6088742083632068,1.5019195643474905,0.037649643556518,0.4222972968749996,0.08164137662343407,0.08049458890475591,-0.019651741491333752,-0.035546839126219254,0.019430730700868648,-1.971756091734278e-13,6.616929226765933e-14,2.220446049250313e-16,-1.3211653993039363e-13,-6.605826996519681e-14,2.1094237467877974e-15
1.9645455366675662,-0.7411740570723364,-1.4104081247419198,-1.4126610414361673,-1.6094030678294333,1.5009629426468318,0.03817255527258075,0.42229729687499606,0.08164137662344118,0.08049458890475947,-0.0196517414913302,-0.03554683912622636,0.019430730700868537,6.661338147750939e-14,1.3211653993039363e-13,4.440892098500626e-16,6.600275881396556e-14,-6.605826996519681e-14,5.551115123125783e-17
1.9914571193616424,-0.7298093684459999,-1.4082110260836598,-1.410494804650431,-1.6099319272956598,1.5000063209461736,0.0386954669886435,0.42229729687500317,0.08164137662344118,0.08049458890475591,-0.0196517414913302,-0.03554683912622281,0.019430730700868648,9.947598300641403e-14,0.0,-6.59472476627343e-14,6.600275881396556e-14,0.0,0.0
2.0183687020557186,-0.7184446798196634,-1.4060139274253998,-1.4083285678646953,-1.6104607867618863,1.4990496992455151,0.03921837870470625,0.4222972968750014,0.08164137662344118,0.08049458890475591,-0.019651741491326646,-0.03554683912622636,0.019430730700868537,0.0,6.59472476627343e-14,6.59472476627343e-14,6.600275881396556e-14,-6.605826996519681e-14,0.0
2.045280284749795,-0.707079991193327,-1.4038168287671398,-1.406162331078959,-1.6109896462281128,1.4980930775448567,0.039741290420769,0.42229729687500317,0.08164137662344473,0.08049458890475947,-0.019651741491326646,-0.03554683912622636,0.019430730700868648,-3.2862601528904634e-14,6.59472476627343e-14,0.0,-6.600275881396556e-14,0.0,0.0
2.072191867443871,-0.6957153025669904,-1.4016197301088797,-1.4039960942932233,-1.6115185056943393,1.4971364558441982,0.04026420213683175,0.4222972968749996,0.08164137662344473,0.08049458890475591,-0.0196517414913302,-0.03554683912622636,0.019430730700868537,-9.85878045867139e-14,-1.3211653993039363e-13,-6.59472476627343e-14,-6.600275881396556e-14,0.0,-4.163336342344337e-15
2.0991034501379473,-0.6843506139406541,-1.3994226314506197,-1.401829857507487,-1.6120473651605658,1.4961798341435397,0.0407871138528945,0.42229729687499784,0.08164137662343762,0.08049458890475591,-0.0196517414913302,-0.03554683912622636,0.019430730700868426,3.2862601528904634e-14,-1.3211653993039363e-13,-6.59472476627343e-14,-6.600275881396556e-14,6.605826996519681e-14,2.1094237467877974e-15
2.1260150328320235,-0.6729859253143177,-1.39722553279236,-1.3996636207217512,-1.6125762246267923,1.4952232124428813,0.04131002556895725,0.4222972968750014,0.08164137662343762,0.08049458890475236,-0.019651741491333752,-0.03554683912622281,0.019430730700868648,3.2862601528904634e-14,6.616929226765933e-14,-6.59472476627343e-14,-6.600275881396556e-14,1.3200551762793111e-13,2.0539125955565396e-15
2.1529266155260998,-0.6616212366879812,-1.3950284341341,-1.3974973839360152,-1.613105084093019,1.494266590742223,0.04183293728502,0.4222972968749996,0.08164137662344118,0.08049458890475236,-0.019651741491333752,-0.035546839126219254,0.019430730700868537,-6.483702463810914e-14,6.59472476627343e-14,1.3211653993039363e-13,1.9800827644189667e-13,-1.3200551762793111e-13,-6.106226635438361e-15
2.1798381982201764,-0.6502565480616447,-1.39283133547584,-1.3953311471502792,-1.6136339435592455,1.4933099690415645,0.04235584900108275,0.42229729687499784,0.08164137662344118,0.08049458890475947,-0.019651741491323094,-0.03554683912622991,0.019430730700868315,3.197442310920451e-14,-6.59472476627343e-14,1.318944953254686e-13,6.605826996519681e-14,-1.3200551762793111e-13,1.9984014443252818e-15
2.2067497809142527,-0.6388918594353084,-1.3906342368175801,-1.3931649103645432,-1.614162803025472,1.492353347340906,0.042878760717145505,0.4222972968750014,0.08164137662343762,0.08049458890475947,-0.0196517414913302,-0.03554683912622636,0.019430730700868648,3.2862601528904634e-14,6.59472476627343e-14,0.0,-1.9800827644189667e-13,1.979527652906654e-13,4.107825191113079e-15
2.233661363608329,-0.6275271708089718,-1.3884371381593201,-1.390998673578807,-1.6146916624916985,1.4913967256402476,0.043401672433208256,0.4222972968749996,0.08164137662344473,0.08049458890475947,-0.019651741491333752,-0.035546839126219254,0.019430730700868537,6.572520305780927e-14,1.3211653993039363e-13,-6.59472476627343e-14,6.600275881396556e-14,6.605826996519681e-14,-4.163336342344337e-15
2.260572946302405,-0.6161624821826355,-1.3862400395010601,-1.388832436793071,-1.6152205219579252,1.4904401039395894,0.043924584149271,0.42229729687500495,0.08164137662344473,0.08049458890475591,-0.019651741491326646,-0.03554683912622281,0.019430730700868426,6.483702463810914e-14,-1.3211653993039363e-13,-1.3211653993039363e-13,5.551115123125783e-17,-6.59472476627343e-14,4.052314039881821e-15
2.287484528996481,-0.604797793556299,-1.3840429408428,-1.386666200007335,-1.6157493814241515,1.489483482238931,0.044447495865333746,0.42229729687500317,0.08164137662343762,0.08049458890475236,-0.019651741491333752,-0.03554683912622281,0.01943073070086876,-9.769962616701378e-14,-1.318944953254686e-13,2.220446049250313e-16,-1.3206102877916237e-13,-6.605826996519681e-14,4.163336342344337e-15
2.314396111690557,-0.5934331049299626,-1.3818458421845403,-1.384499963221599,-1.6162782408903782,1.4885268605382724,0.0449704075813965,0.4222972968749996,0.08164137662343762,0.08049458890475591,-0.019651741491333752,-0.03554683912622636,0.019430730700868648,-1.652011860642233e-13,6.616929226765933e-14,-6.59472476627343e-14,6.600275881396556e-14,6.59472476627343e-14,-4.163336342344337e-15
2.3413076943846334,-0.5820684163036262,-1.3796487435262803,-1.382333726435863,-1.6168071003566047,1.487570238837614,0.04549331929745925,0.4222972968749943,0.08164137662344118,0.08049458890474881,-0.0196517414913302,-0.035546839126219254,0.019430730700868537,1.7763568394002505e-15,1.9806378759312793e-13,6.59472476627343e-14,1.3200551762793111e-13,-1.3200551762793111e-13,-4.052314039881821e-15
2.36821927707871,-0.5707037276772897,-1.3774516448680203,-1.380167489650127,-1.6173359598228312,1.4866136171369557,0.046016231013522,0.4222972968749996,0.08164137662344828,0.08049458890475947,-0.019651741491326646,-0.035546839126233465,0.019430730700868426,1.3145040611561853e-13,-6.59472476627343e-14,1.318944953254686e-13,0.0,-1.3200551762793111e-13,1.9984014443252818e-15
2.3951308597727863,-0.5593390390509532,-1.3752545462097603,-1.378001252864391,-1.6178648192890577,1.485656995436297,0.04653914272958475,0.4222972968750014,0.08164137662343762,0.08049458890475591,-0.0196517414913302,-0.03554683912622636,0.019430730700868648,3.2862601528904634e-14,-1.318944953254686e-13,0.0,0.0,1.9806378759312793e-13,0.0
2.4220424424668625,-0.5479743504246168,-1.3730574475515005,-1.375835016078655,-1.6183936787552844,1.4847003737356388,0.047062054445647504,0.4222972968750014,0.08164137662344118,0.08049458890475947,-0.019651741491326646,-0.03554683912622281,0.019430730700868426,0.0,1.3211653993039363e-13,0.0,0.0,0.0,-2.1094237467877974e-15
2.4489540251609387,-0.5366096617982803,-1.3708603488932403,-1.3736687792929188,-1.6189225382215107,1.4837437520349803,0.04758496616171025,0.4222972968750014,0.08164137662344473,0.08049458890475591,-0.0196517414913302,-0.03554683912622636,0.019430730700868537,-3.2862601528904634e-14,0.0,0.0,-6.600275881396556e-14,-6.605826996519681e-14,4.163336342344337e-15
2.475865607855015,-0.5252449731719439,-1.3686632502349805,-1.371502542507183,-1.6194513976877374,1.4827871303343219,0.048107877877773,0.4222972968749996,0.08164137662344118,0.08049458890475947,-0.0196517414913302,-0.03554683912622636,0.019430730700868648,0.0,-1.3211653993039363e-13,0.0,6.600275881396556e-14,6.605826996519681e-14,0.0
2.502777190549091,-0.5138802845456074,-1.3664661515767205,-1.3693363057214467,-1.6199802571539637,1.4818305086336634,0.04863078959383575,0.4222972968750014,0.08164137662343762,0.08049458890475591,-0.019651741491326646,-0.03554683912622281,0.019430730700868537,3.2862601528904634e-14,0.0,-1.318944953254686e-13,0.0,6.605826996519681e-14,0.0
2.5296887732431674,-0.502515595919271,-1.3642690529184607,-1.367170068935711,-1.6205091166201904,1.4808738869330051,0.049153701309898504,0.4222972968750014,0.08164137662344118,0.08049458890475236,-0.0196517414913302,-0.03554683912622281,0.019430730700868648,-0.012326007579135378,-0.004534714837671983,-0.003495747104267588,0.0006084889466158594,0.002737873215274078,-0.0007140912591904192
2.5566003559372437,-0.49115090729293454,-1.3620719542602004,-1.365003832149975,-1.6210379760864169,1.4799172652323467,0.049676613025961255,0.42163387213049397,0.08139730391674149,0.08030643673020776,-0.019618990690116078,-0.03539947812334532,0.019392296048922897,-0.09341816270486802,-0.03436836508694574,-0.026494083317065265,0.004611705701407565,0.02075019700027758,-0.005412060069666047
2.58351193863132,-0.47982192628634424,-1.3598879923676002,-1.3628477223098479,-1.621565072800853,1.478968574967318,0.050197456067395695,0.41726923565347995,0.0797915624252461,0.07906859347657047,-0.019403524892641855,-0.03442999784124012,0.0191394364966484,-0.27311837846348563,-0.10047973403904731,-0.07745839636479568,0.013482834029786228,0.06066550650793556,-0.01582275895367319
2.610423521325396,-0.4686921562109693,-1.3577773197992073,-1.3607481101662768,-1.6220823352158267,1.478064133764224,0.050706758081956405,0.4069337764759098,0.07598916657340027,0.07613738065196429,-0.018893301884229885,-0.03213426853321266,0.018540665076862473,-0.4774706093803731,-0.17566053266655923,-0.13541420362099554,0.023570940251462613,0.1060565624462737,-0.02766164035606955
2.6373351040194724,-0.4579194623330559,-1.3557980148874123,-1.3587497674787965,-1.6225819701128963,1.4772390069174277,0.051195373350234004,0.39157025607681817,0.07033695652336291,0.07178017239917267,-0.018134862277133124,-0.028721697940195412,0.017650599452856075,-0.6331675472217428,-0.232941141144692,-0.1795710091495697,0.031257116420475184,0.14064022411349097,-0.036681740472176816
2.6642466867135486,-0.4476166055570655,-1.353991562155351,-1.356884674075646,-1.6230584109074602,1.4765182410657602,0.05165676921550751,0.3728546948633831,0.06345153700786454,0.06647230052758957,-0.017210944937573913,-0.024564566490525408,0.016566337692703215,-0.7265857099265949,-0.2673095062316375,-0.20606509246663496,0.03586882212188275,0.16139042111370255,-0.042093800541834536
2.691158269407625,-0.43785124242567497,-1.3523828523169055,-1.355172017853769,-1.6235083176487577,1.4759168641925198,0.05208702608374435,0.3524631132427709,0.055949512759632114,0.06068909684661605,-0.016204288731788807,-0.020035154612529027,0.015384977864477012,-0.7577250974949603,-0.2787656279274622,-0.21489645357238918,0.037406057355553246,0.1683071534472384,-0.04389782056505931
2.718069852101701,-0.4286459251197767,-1.350980182276703,-1.353618194778813,-1.6239305770198686,1.475439885625473,0.05248483742360032,0.33207153162215786,0.04844748851139258,0.05490589316563543,-0.015197632526007254,-0.01550574273452554,0.014203618036250587,-0.7265857099266269,-0.26730950623176974,-0.2060650924667008,0.03586882212175069,0.16139042111383453,-0.042093800541840753
2.7449814347957773,-0.4199781014584784,-1.349775255130116,-1.3522168088851307,-1.6243263023377132,1.4750822960368533,0.05285150976641961,0.3133559704087219,0.04156206899589421,0.04959802129405588,-0.014273715186451597,-0.011348611284855536,0.013119356276097616,-0.6331675472217269,-0.23294114114462605,-0.17957100914950375,0.031257116420475184,0.140640224113359,-0.036681740472174734
2.7718930174898535,-0.4117801148991031,-1.348743180163263,-1.350948672275778,-1.6246988335530523,1.4748290674433622,0.05319096270623482,0.29799245000963204,0.03590985894586041,0.04524081304126426,-0.013515275579351282,-0.007936040691845392,0.01222929065209144,-0.47747060938034114,-0.17566053266649329,-0.1354142036210616,0.02357094025159462,0.10605656244620773,-0.027661640356065414
2.7988046001839297,-0.40393920453718923,-1.3478424728530078,-1.3497818051225163,-1.6250537372504872,1.4746551532061691,0.05350972889976692,0.28765699083206187,0.03210746309401458,0.04230960021665453,-0.01300505257093576,-0.005640311383814378,0.011630519232305514,-0.2731183784636997,-0.10047973403891541,-0.07745839636486174,0.013482834029720198,0.060665506507935577,-0.015822758953669108
2.825716182878006,-0.39629750510649076,-1.34701505486696,-1.3486714356658103,-1.6253988066484595,1.4745254880309104,0.05381695406642529,0.2832923543550363,0.03050172160252629,0.041071756963017236,-0.012789586773468642,-0.004670831101712736,0.011377659680031238,-0.09341816270501635,-0.03436836508687968,-0.026494083316999206,0.00461170570147354,0.020750197000343626,-0.005412060069668073
2.8526277655720826,-0.3886915132955388,-1.3462007736465718,-1.3475711931547136,-1.6257421132946415,1.4744037542912816,0.05412211055845535,0.28262892961053243,0.030257648895823053,0.04088360478847619,-0.012756835972243863,-0.004523470098828142,0.011339225028085154,-0.012326007578937315,-0.004534714837869935,-0.0034957471041355825,0.0006084889467478927,0.0027378732154060142,-0.000714091259200772
2.879539348266159,-0.38108552148458646,-1.3453864924261834,-1.3464709506436165,-1.6260854199408235,1.474282020551653,0.0544272670504854,0.28262892961053954,0.0302576488958195,0.04088360478847619,-0.012756835972250968,-0.004523470098828142,0.011339225028085043,1.1546319456101628e-13,-6.605826996519681e-14,-1.3200551762793111e-13,-6.603051438958119e-14,-6.600275881396556e-14,6.189493362285248e-15
2.906450930960235,-0.37347952967363424,-1.3445722112057954,-1.3453707081325197,-1.6264287265870054,1.474160286812024,0.05473242354251545,0.28262892961053865,0.0302576488958195,0.040883604788469086,-0.012756835972247416,-0.0045234700988316945,0.011339225028085487,1.687538997430238e-14,6.605826996519681e-14,-6.59472476627343e-14,6.600275881396556e-14,-1.3201939541573893e-13,4.135580766728708e-15
2.9333625136543113,-0.36587353786268195,-1.343757929985407,-1.3442704656214228,-1.6267720332331872,1.4740385530723952,0.05503758003454552,0.2826289296105404,0.030257648895823053,0.04088360478847264,-0.012756835972247416,-0.004523470098835247,0.011339225028085265,1.687538997430238e-14,0.0,0.0,-1.3200551762793111e-13,0.0,-4.107825191113079e-15
2.9602740963483876,-0.3582675460517296,-1.3429436487650188,-1.3431702231103257,-1.6271153398793694,1.473916819332766,0.055342736526575564,0.28262892961053954,0.0302576488958195,0.040883604788469086,-0.012756835972254521,-0.0045234700988316945,0.011339225028085265,-6.661338147750939e-14,-1.3200551762793111e-13,-6.605826996519681e-14,-6.600275881396556e-14,2.6403879083147785e-13,8.243405957841787e-15
2.987185679042464,-0.3506615542407774,-1.3421293675446306,-1.342069980599229,-1.6274586465255514,1.4737950855931374,0.055647893018605635,0.28262892961053687,0.030257648895815947,0.040883604788469086,-0.012756835972250968,-0.004523470098821036,0.011339225028085709,-3.2862601528904634e-14,0.0,1.3200551762793111e-13,6.600275881396556e-14,1.3200551762793111e-13,0.0
3.01409726173654,-0.34305556242982516,-1.3413150863242427,-1.3409697380881322,-1.6278019531717334,1.4736733518535088,0.05595304951063569,0.28262892961053776,0.0302576488958195,0.04088360478847619,-0.012756835972250968,-0.004523470098824589,0.011339225028085265,4.973799150320701e-14,1.3200551762793111e-13,6.605826996519681e-14,0.0,-1.9802215422970448e-13,-8.243405957841787e-15
3.0410088444306163,-0.3354495706188729,-1.3405008051038543,-1.3398694955770352,-1.6281452598179154,1.47355161811388,0.05625820600266575,0.28262892961053954,0.030257648895823053,0.04088360478847264,-0.012756835972250968,-0.0045234700988316945,0.011339225028085265,3.2862601528904634e-14,6.605826996519681e-14,-6.59472476627343e-14,1.3203327320354674e-13,-1.3200551762793111e-13,4.107825191113079e-15
3.0679204271246925,-0.3278435788079206,-1.339686523883466,-1.3387692530659383,-1.6284885664640973,1.473429884374251,0.056563362494695804,0.28262892961053954,0.030257648895823053,0.04088360478847264,-0.012756835972243863,-0.0045234700988316945,0.011339225028085487,-4.973799150320701e-14,-1.3200551762793111e-13,-1.3200551762793111e-13,-6.600275881396556e-14,6.600275881396556e-14,0.0
3.0948320098187687,-0.32023758699696836,-1.338872242663078,-1.3376690105548414,-1.628831873110279,1.4733081506346222,0.05686851898672586,0.28262892961053687,0.030257648895815947,0.04088360478846553,-0.012756835972254521,-0.004523470098828142,0.011339225028085265,3.2862601528904634e-14,-1.979527652906654e-13,-1.318944953254686e-13,-1.980360320175123e-13,1.9800827644189667e-13,2.7755575615628914e-17
3.1217435925128454,-0.312631595186016,-1.3380579614426897,-1.3365687680437446,-1.6291751797564613,1.4731864168949933,0.05717367547875592,0.2826289296105413,0.030257648895812395,0.04088360478846553,-0.012756835972254521,-0.004523470098821036,0.011339225028085487,1.1723955140041653e-13,6.616929226765933e-14,1.3222756223285614e-13,1.3195000647669985e-13,-1.3877787807814457e-17,4.163336342344337e-15
3.1486551752069207,-0.3050256033750638,-1.3372436802223016,-1.3354685255326477,-1.629518486402643,1.4730646831553647,0.057478831970785974,0.2826289296105431,0.0302576488958195,0.04088360478847264,-0.012756835972247416,-0.004523470098828142,0.011339225028085487,-3.2862601528904634e-14,1.3200551762793111e-13,1.9806378759312793e-13,6.600275881396556e-14,-1.980360320175123e-13,-4.107825191113079e-15
3.175566757900997,-0.2974196115641115,-1.3364293990019134,-1.3343682830215506,-1.629861793048825,1.4729429494157358,0.05778398846281603,0.28262892961053954,0.0302576488958195,0.04088360478847619,-0.012756835972250968,-0.0045234700988316945,0.011339225028085265,-1.3145040611561853e-13,0.0,-6.605826996519681e-14,-1.3200551762793111e-13,0.0,-4.107825191113079e-15
3.202478340595073,-0.2898136197531592,-1.3356151177815252,-1.3332680405104538,-1.630205099695007,1.472821215676107,0.058089144954846086,0.282628929610536,0.0302576488958195,0.040883604788469086,-0.012756835972254521,-0.004523470098828142,0.011339225028085265,-4.973799150320701e-14,0.0,-6.59472476627343e-14,6.597500323834993e-14,6.598888102615774e-14,-4.08006961549745e-15
3.22938992328915,-0.282207627942207,-1.3348008365611368,-1.332167797999357,-1.6305484063411892,1.472699481936478,0.05839430144687614,0.28262892961053687,0.0302576488958195,0.04088360478847264,-0.012756835972247416,-0.004523470098828142,0.011339225028085043,6.572520305780927e-14,0.0,-1.1102230246251565e-16,6.603051438958119e-14,-6.598888102615774e-14,4.107825191113079e-15
3.256301505983226,-0.2746016361312547,-1.3339865553407488,-1.33106755548826,-1.630891712987371,1.4725777481968494,0.0586994579389062,0.28262892961053954,0.0302576488958195,0.040883604788469086,-0.012756835972250968,-0.0045234700988316945,0.011339225028085487,4.973799150320701e-14,6.605826996519681e-14,6.59472476627343e-14,-6.600275881396556e-14,0.0,4.135580766728708e-15
3.2832130886773023,-0.2669956443203024,-1.3331722741203604,-1.3299673129771632,-1.6312350196335532,1.4724560144572203,0.059004614430936256,0.28262892961053954,0.030257648895823053,0.04088360478847619,-0.012756835972250968,-0.004523470098828142,0.011339225028085265,0.009443539171017257,-0.014268089674816964,0.008309283503195486,-0.0029411731184571244,0.00036503012065895735,-0.0016005566527831638
3.3101246713713786,-0.25938965250935014,-1.3323579928999723,-1.3288670704660661,-1.631578326279735,1.4723342807175919,0.05930977092296631,0.2831372107811907,0.029489695145478834,0.04133083672871862,-0.012915139219440874,-0.00450382302227581,0.01125307800264963,0.07157208634878565,-0.10813710069343685,0.06297562233888232,-0.02229099626696915,0.00276654407079234,-0.012130534631583811
3.337036254065455,-0.2517563033968862,-1.3315850453812992,-1.3277427565162827,-1.6319301533077724,1.4722136044458134,0.059610290709398654,0.2864811658512654,0.024437367840604907,0.04427315212504368,-0.013956607950994737,-0.004374565939752273,0.010686321256362818,0.20924894689469298,-0.3161508291104607,0.18411622919940684,-0.06517020436406223,0.008088298984745224,-0.03546496583261269
3.363947836759531,-0.24397032933914678,-1.3310426964090363,-1.326484149276985,-1.632329515097739,1.4720988277315152,0.05988494255933846,0.2943996514572005,0.012473456782664982,0.05124055498356128,-0.01642280590730749,-0.004068485168311042,0.00934424128115574,0.3658128857826677,-0.5527007368771186,0.3218754030660582,-0.1139317586980696,0.014140114139950019,-0.062000510339199705
3.3908594194536072,-0.23591078226629086,-1.3309136844539238,-1.3249848276508218,-1.6328140807062588,1.4719946256957201,0.0601132273533011,0.3061703733038632,-0.005310735330485983,0.06159750517864637,-0.020088775842364015,-0.00361350023779039,0.007349257534226217,0.48509969636399397,-0.7329292380327366,0.42683477363092803,-0.15108341914299617,0.018751020924559908,-0.08221806805850879
3.4177710021476835,-0.22749127069986058,-1.3313285369950618,-1.3231687765682572,-1.6334107566023481,1.4719043377105865,0.06028050286308324,0.32050925264434227,-0.026975114813783563,0.07421415359811334,-0.024554593763248533,-0.0030592458678917467,0.004919004606148247,0.5566717827127636,-0.8410663387261734,0.48981039597007436,-0.17337441541003124,0.021517564995418258,-0.09434860269008845
3.4446825848417597,-0.21865995975278127,-1.3323655705199104,-1.3209903869875688,-1.634135686667417,1.4718299673994095,0.060377983751762905,0.33613221073172994,-0.050579587982152674,0.08796065112978013,-0.02942033567705238,-0.002455356778291673,0.002271117087496499,0.5805291448290495,-0.8771120389573631,0.5108022700831671,-0.18080474749904302,0.02243974635245906,-0.09839211423394699
3.471594167535836,-0.20939957112936133,-1.3340508905242898,-1.3184344558948493,-1.634994252195269,1.4717721826366215,0.060402741573699424,0.35175516881911895,-0.07418406115052534,0.10170714866144337,-0.03428607759085267,-0.001851467688695152,-0.00037677043115547093,0.5566717827127139,-0.8410663387262394,0.48981039596994247,-0.1733744154100313,0.02151756499548427,-0.09434860269009258
3.498505750229912,-0.19972738312529237,-1.33635839151238,-1.3155161863040066,-1.6359810718921006,1.47173031554779,0.06035770477453345,0.366094048159594,-0.09584844063382292,0.11432379708090679,-0.03875189551174074,-0.001297213318789403,-0.0028070233592334404,0.4850996963639336,-0.7329292380325998,0.4268347736309914,-0.15108341914292922,0.018751020924493773,-0.08221806805851237
3.525417332923989,-0.18969523062764906,-1.3392097569967205,-1.312281187256762,-1.6370800018765017,1.4717023625096204,0.06025165869118699,0.3778647700062576,-0.11363263274696678,0.12468074727599898,-0.04241786544679016,-0.000842228388279409,-0.004802007106163186,0.36581288578276094,-0.552700736877112,0.32187540306618656,-0.11393175869806826,0.014140114139817838,-0.0620005103392031
3.552328915618065,-0.17938950511488924,-1.3424744594982114,-1.308805473822652,-1.6382641356794558,1.4716849841499533,0.06009924555186335,0.3857832556121972,-0.1255965438049138,0.13164815013451658,-0.04488406340311002,-0.0005361476168346258,-0.006144087081370264,0.20924894689477558,-0.3161508291106587,0.18411622919947268,-0.06517020436399623,0.008088298985009254,-0.0354649658326127
3.5792404983121413,-0.16893115465685388,-1.3459697605461127,-1.3051954670990276,-1.6394958042443395,1.471673505347767,0.05992096447604719,0.38912721068227185,-0.1306488711097913,0.1345904655308452,-0.045925532134653224,-0.0004068905343004303,-0.006710843827657076,0.07157208634877765,-0.10813710069337068,0.06297562233901433,-0.022290996266903118,0.0027665440707923426,-0.01213053463158792
3.6061520810062175,-0.15844544689730689,-1.3495063952957291,-1.3015613889367168,-1.6407359931910783,1.4716630840134308,0.0597380466946333,0.38963549185292257,-0.1314168248601284,0.13503769747109118,-0.046083835381850236,-0.0003872434577587569,-0.006796990853092932,0.009443539171009263,-0.014268089674750684,0.008309283503195708,-0.0029411731186551604,0.0003650301205269423,-0.001600556652779056
3.6330636637002938,-0.1479597391377599,-1.3530430300453453,-1.2979273107744058,-1.6419761821378174,1.4716526626790947,0.059555128913219416,0.38963549185292257,-0.1314168248601284,0.13503769747109473,-0.04608383538185379,-0.0003872434577516515,-0.00679699085309271,-7.993605777301127e-15,0.0,-6.572520305780927e-14,-6.605826996519681e-14,1.32014191245311e-13,8.243405957841787e-15
3.65997524639437,-0.1374740313782129,-1.3565796647949617,-1.2942932326120948,-1.6432163710845562,1.4716422413447587,0.05937221113180553,0.3896354918529221,-0.1314168248601284,0.13503769747108763,-0.04608383538185379,-0.0003872434577516515,-0.006796990853092488,0.0,6.572520305780927e-14,-1.9806378759312793e-13,6.605826996519681e-14,-1.32014191245311e-13,0.0
3.6868868290884462,-0.12698832361866594,-1.360116299544578,-1.290659154449784,-1.6444565600312953,1.4716318200104226,0.05918929335039166,0.38963549185292257,-0.13141682486012485,0.13503769747108407,-0.046083835381850236,-0.0003872434577587569,-0.00679699085309271,1.5987211554602254e-14,-6.616929226765933e-14,6.572520305780927e-14,0.0,-6.60070956226555e-14,-4.135580766728708e-15
3.7137984117825225,-0.11650261585911892,-1.363652934294194,-1.2870250762874733,-1.6456967489780339,1.4716213986760864,0.05900637556897777,0.389635491852923,-0.13141682486013195,0.13503769747109118,-0.04608383538185379,-0.0003872434577552042,-0.00679699085309271,-1.687538997430238e-14,-1.318944953254686e-13,1.318944953254686e-13,-1.3211653993039363e-13,6.60070956226555e-14,4.135580766728708e-15
3.7407099944765987,-0.10601690809957194,-1.3671895690438105,-1.2833909981251623,-1.6469369379247731,1.4716109773417503,0.058823457787563885,0.3896354918529217,-0.13141682486013195,0.13503769747109118,-0.04608383538185734,-0.0003872434577552042,-0.006796990853092488,-7.37188088351104e-14,6.616929226765933e-14,-1.318944953254686e-13,6.605826996519681e-14,0.0,8.243405957841787e-15
3.767621577170675,-0.09553120034002498,-1.3707262037934267,-1.2797569199628516,-1.648177126871512,1.4716005560074141,0.05864054000615001,0.389635491852919,-0.1314168248601284,0.13503769747108407,-0.046083835381850236,-0.0003872434577552042,-0.006796990853092266,8.79296635503124e-14,0.0,0.0,-1.1102230246251565e-16,6.600536089917952e-14,-4.135580766728708e-15
3.7945331598647516,-0.08504549258047796,-1.3742628385430429,-1.2761228418005408,-1.6494173158182508,1.471590134673078,0.05845762222473612,0.38963549185292634,-0.13141682486013195,0.13503769747109118,-0.04608383538185734,-0.0003872434577516515,-0.00679699085309271,1.829647544582258e-13,-6.661338147750939e-14,2.646771690706373e-13,-1.1102230246251565e-16,-1.734723475976807e-18,-4.163336342344337e-15
3.821444742558827,-0.07455978482093095,-1.3777994732926593,-1.2724887636382296,-1.6506575047649896,1.4715797133387418,0.05827470444332224,0.3896354918529288,-0.13141682486013195,0.13503769747109828,-0.046083835381850236,-0.0003872434577552042,-0.006796990853092488,-8.08242361927114e-14,6.572520305780927e-14,-6.572520305780927e-14,-1.1102230246251565e-16,-1.3201505860704899e-13,0.0
3.848356325252903,-0.06407407706138399,-1.3813361080422755,-1.2688546854759188,-1.6518976937117285,1.4715692920044057,0.058091786661908354,0.389635491852922,-0.1314168248601284,0.13503769747108763,-0.04608383538185734,-0.0003872434577587569,-0.00679699085309271,-1.652011860642233e-13,0.0,-2.6423307986078726e-13,-6.605826996519681e-14,1.32014191245311e-13,4.107825191113079e-15
3.8752679079469794,-0.053588369301837,-1.3848727427918919,-1.265220607313608,-1.6531378826584677,1.4715588706700695,0.05790886888049447,0.3896354918529199,-0.13141682486013195,0.13503769747108407,-0.04608383538185379,-0.00038724345774809876,-0.006796990853092266,-5.417888360170764e-14,1.318944953254686e-13,6.616929226765933e-14,1.978417429882029e-13,-1.734723475976807e-18,-4.135580766728708e-15
3.902179490641056,-0.04310266154228998,-1.388409377541508,-1.2615865291512973,-1.6543780716052063,1.4715484493357336,0.05772595109908059,0.389635491852919,-0.1314168248601213,0.13503769747109118,-0.04608383538184668,-0.0003872434577587569,-0.006796990853092932,2.930988785010413e-14,6.616929226765933e-14,6.572520305780927e-14,2.220446049250313e-16,-1.980204195062285e-13,-1.2378986724570495e-14
3.9290910733351323,-0.03261695378274304,-1.3919460122911242,-1.2579524509889863,-1.6556182605519454,1.4715380280013972,0.0575430333176667,0.3896354918529215,-0.1314168248601284,0.13503769747108763,-0.04608383538185379,-0.0003872434577587569,-0.006796990853092932,7.638334409421077e-14,-1.318944953254686e-13,0.0,-1.3200551762793111e-13,1.32014191245311e-13,4.107825191113079e-15
3.9560026560292085,-0.02213124602319605,-1.3954826470407407,-1.2543183728266756,-1.6568584494986842,1.4715276066670613,0.057360115536252816,0.3896354918529231,-0.1314168248601284,0.13503769747109118,-0.04608383538185379,-0.0003872434577516515,-0.00679699085309271,1.9539925233402755e-14,0.0,6.572520305780927e-14,0.0,6.60070956226555e-14,8.243405957841787e-15
3.9829142387232848,-0.01164553826364903,-1.3990192817903568,-1.2506842946643646,-1.6580986384454233,1.4715171853327251,0.05717719775483893,0.38963549185292257,-0.1314168248601284,0.13503769747109118,-0.04608383538185379,-0.0003872434577552042,-0.006796990853092488,-2.1316282072803006e-14,-1.3233858453531866e-13,-1.318944953254686e-13,0.0,0.0,4.135580766728708e-15
4.009825821417361,-0.0011598305041020662,-1.4025559165399732,-1.2470502165020538,-1.659338827392162,1.471506763998389,0.05699427997342505,0.389635491852922,-0.1314168248601355,0.13503769747108407,-0.04608383538185379,-0.0003872434577516515,-0.006796990853092488,1.0658141036401503e-14,-6.616929226765933e-14,-6.572520305780927e-14,0.0,0.0,-4.135580766728708e-15
4.036737404111437,0.009325877255444925,-1.4060925512895897,-1.243416138339743,-1.6605790163389011,1.471496342664053,0.056811362192011175,0.3896354918529231,-0.13141682486013195,0.13503769747108763,-0.04608383538185379,-0.0003872434577552042,-0.00679699085309271,8.881784197001252e-16,1.9806378759312793e-13,1.9806378759312793e-13,6.605826996519681e-14,-1.980212868679665e-13,-8.243405957841787e-15
4.0636489868055135,0.019811585014991945,-1.4096291860392058,-1.239782060177432,-1.66181920528564,1.4714859213297167,0.056628444410597285,0.38963549185292207,-0.13141682486012485,0.13503769747109473,-0.046083835381850236,-0.0003872434577623096,-0.006796990853092932,-2.042810365310288e-14,6.616929226765933e-14,6.572520305780927e-14,6.605826996519681e-14,-6.60070956226555e-14,0.0
4.09056056949959,0.03029729277453888,-1.413165820788822,-1.236147982015121,-1.6630593942323788,1.4714754999953805,0.056445526629183396,0.38963549185292207,-0.1314168248601284,0.13503769747109118,-0.046083835381850236,-0.0003872434577587569,-0.00679699085309271,2.042810365310288e-14,-6.572520305780927e-14,-1.9806378759312793e-13,-6.605826996519681e-14,1.980212868679665e-13,4.107825191113079e-15
4.117472152193666,0.0407830005340859,-1.4167024555384384,-1.2325139038528103,-1.6642995831791176,1.4714650786610444,0.05626260884776951,0.3896354918529231,-0.1314168248601284,0.13503769747108407,-0.04608383538185379,-0.0003872434577516515,-0.00679699085309271,-8.881784197001252e-16,0.0,-1.318944953254686e-13,-1.3211653993039363e-13,1.32014191245311e-13,0.0
4.144383734887742,0.05126870829363289,-1.4202390902880546,-1.2288798256904996,-1.6655397721258567,1.4714546573267084,0.05607969106635563,0.389635491852922,-0.1314168248601284,0.13503769747108407,-0.04608383538185734,-0.0003872434577516515,-0.00679699085309271,-1.2434497875801753e-14,0.0,1.318944953254686e-13,6.605826996519681e-14,-1.32014191245311e-13,0.0
4.171295317581818,0.061754416053179856,-1.423775725037671,-1.2252457475281888,-1.6667799610725957,1.4714442359923723,0.055896773284941755,0.38963549185292246,-0.1314168248601284,0.13503769747109118,-0.046083835381850236,-0.0003872434577587569,-0.00679699085309271,1.0658141036401503e-14,0.0,1.9806378759312793e-13,1.9806378759312793e-13,-6.60070956226555e-14,0.0
4.198206900275895,0.07224012381272688,-1.4273123597872872,-1.2216116693658778,-1.6680201500193346,1.4714338146580361,0.055713855503527865,0.38963549185292257,-0.1314168248601284,0.13503769747109473,-0.04608383538184668,-0.0003872434577552042,-0.00679699085309271,-6.217248937900877e-15,6.572520305780927e-14,-6.572520305780927e-14,0.0,6.60070956226555e-14,4.135580766728708e-15
4.225118482969971,0.08272583157227384,-1.4308489945369036,-1.2179775912035669,-1.6692603389660734,1.4714233933237,0.05553093772211398,0.3896354918529221,-0.13141682486012485,0.13503769747108763,-0.046083835381850236,-0.0003872434577552042,-0.006796990853092488,0.0,6.572520305780927e-14,-1.318944953254686e-13,-1.3200551762793111e-13,6.60070956226555e-14,0.0
4.252030065664047,0.09321153933182083,-1.4343856292865196,-1.214343513041256,-1.6705005279128122,1.4714129719893638,0.0553480199407001,0.38963549185292257,-0.13141682486012485,0.13503769747108763,-0.04608383538185379,-0.0003872434577516515,-0.00679699085309271,1.2434497875801753e-14,-1.318944953254686e-13,6.572520305780927e-14,-1.3211653993039363e-13,6.60070956226555e-14,0.0
4.278941648358123,0.10369724709136782,-1.437922264036136,-1.2107094348789451,-1.6717407168595513,1.471402550655028,0.05516510215928622,0.3896354918529228,-0.13141682486013195,0.13503769747109118,-0.04608383538185734,-0.0003872434577516515,-0.006796990853092488,-1.199040866595169e-13,-6.572520305780927e-14,6.572520305780927e-14,1.3200551762793111e-13,-1.980212868679665e-13,4.135580766728708e-15
4.3058532310521995,0.11418295485091481,-1.4414588987857524,-1.2070753567166344,-1.6729809058062903,1.4713921293206917,0.05498218437787234,0.3896354918529161,-0.1314168248601284,0.13503769747109118,-0.04608383538184668,-0.0003872434577623096,-0.006796990853092488,-1.0391687510491465e-13,1.3233858453531866e-13,-1.3233858453531866e-13,6.616929226765933e-14,8.673617379884035e-19,-4.107825191113079e-15
4.332764813746277,0.1246686626104618,-1.4449955335353688,-1.2034412785543234,-1.6742210947530292,1.4713817079863556,0.05479926659645845,0.38963549185291724,-0.13141682486012485,0.13503769747108407,-0.04608383538185379,-0.0003872434577516515,-0.00679699085309271,1.2878587085651816e-13,6.572520305780927e-14,-1.3145040611561853e-13,-6.616929226765933e-14,1.980204195062285e-13,-4.163336342344337e-15
4.359676396440353,0.13515437037000883,-1.4485321682849848,-1.1998072003920126,-1.675461283699768,1.4713712866520194,0.05461634881504456,0.389635491852923,-0.13141682486012485,0.13503769747108407,-0.046083835381850236,-0.0003872434577516515,-0.00679699085309271,6.661338147750939e-14,-1.318944953254686e-13,1.318944953254686e-13,6.605826996519681e-14,-1.32014191245311e-13,0.0
4.386587979134429,0.14564007812955582,-1.4520688030346012,-1.1961731222297018,-1.6767014726465068,1.4713608653176835,0.054433431033630686,0.3896354918529208,-0.13141682486013195,0.13503769747109118,-0.046083835381850236,-0.0003872434577587569,-0.00679699085309271,-2.4868995751603507e-14,-6.572520305780927e-14,1.9806378759312793e-13,-1.3211653993039363e-13,-6.60070956226555e-14,0.0
4.413499561828505,0.15612578588910273,-1.4556054377842174,-1.1925390440673909,-1.6779416615932456,1.4713504439833471,0.054250513252216796,0.3896354918529217,-0.1314168248601284,0.13503769747109473,-0.04608383538185734,-0.0003872434577552042,-0.00679699085309271,2.4868995751603507e-14,6.616929226765933e-14,-6.572520305780927e-14,-1.3211653993039363e-13,1.32014191245311e-13,4.135580766728708e-15
4.440411144522582,0.16661149364864974,-1.4591420725338338,-1.1889049659050799,-1.679181850539985,1.4713400226490112,0.05406759547080292,0.3896354918529221,-0.1314168248601284,0.13503769747108763,-0.04608383538185734,-0.0003872434577516515,-0.006796990853092488,0.0,0.0,-1.9806378759312793e-13,1.9806378759312793e-13,-6.60070956226555e-14,0.0
4.467322727216658,0.17709720140819668,-1.46267870728345,-1.1852708877427691,-1.6804220394867238,1.471329601314675,0.05388467768938904,0.3896354918529217,-0.1314168248601284,0.13503769747108407,-0.04608383538184668,-0.0003872434577587569,-0.00679699085309271,1.4832579608992091e-13,-6.616929226765933e-14,1.318944953254686e-13,1.3211653993039363e-13,-1.32014191245311e-13,-1.2378986724570495e-14
4.494234309910734,0.18758290916774367,-1.4662153420330664,-1.1816368095804584,-1.6816622284334626,1.471319179980339,0.05370175990797515,0.3896354918529301,-0.13141682486013195,0.13503769747109473,-0.046083835381850236,-0.0003872434577587569,-0.006796990853093154,1.5631940186722204e-13,6.616929226765933e-14,1.318944953254686e-13,-6.59472476627343e-14,1.3201505860704899e-13,-2.0816681711721685e-15
4.521145892604809,0.19806861692729072,-1.4697519767826825,-1.1780027314181474,-1.6829024173802014,1.4713087586460027,0.053518842126561265,0.3896354918529301,-0.13141682486012485,0.13503769747109118,-0.046083835381850236,-0.0003872434577516515,-0.006796990853092821,-1.474376176702208e-13,6.572520305780927e-14,-1.318944953254686e-13,-6.605826996519681e-14,1.32013323883573e-13,8.243405957841787e-15
4.548057475298886,0.2085543246868377,-1.4732886115322987,-1.1743686532558366,-1.6841426063269402,1.4712983373116666,0.05333592434514738,0.3896354918529221,-0.1314168248601284,0.13503769747108763,-0.04608383538185379,-0.0003872434577516515,-0.00679699085309271,-1.652011860642233e-13,-1.318944953254686e-13,-6.572520305780927e-14,-1.3211653993039363e-13,0.0,4.107825191113079e-15
4.574969057992962,0.21904003244638465,-1.4768252462819151,-1.1707345750935256,-1.6853827952736793,1.4712879159773307,0.0531530065637335,0.38963549185292123,-0.13141682486013195,0.13503769747108763,-0.04608383538185734,-0.0003872434577516515,-0.006796990853092599,1.5987211554602254e-14,0.0,0.0,0.0,-1.32014191245311e-13,2.0539125955565396e-15
4.601880640687038,0.22952574020593164,-1.4803618810315315,-1.1671004969312149,-1.6866229842204183,1.4712774946429945,0.05297008878231962,0.389635491852923,-0.1314168248601284,0.13503769747108763,-0.04608383538185379,-0.0003872434577587569,-0.006796990853092599,3.2862601528904634e-14,1.318944953254686e-13,0.0,1.3211653993039363e-13,-6.60070956226555e-14,-4.107825191113079e-15
4.628792223381114,0.24001144796547869,-1.4838985157811477,-1.163466418768904,-1.6878631731671572,1.4712670733086584,0.052787171000905735,0.389635491852923,-0.13141682486012485,0.13503769747108763,-0.046083835381850236,-0.0003872434577552042,-0.006796990853092821,0.0,-6.616929226765933e-14,0.0,6.605826996519681e-14,6.60070956226555e-14,-4.107825191113079e-15
4.6557038060751905,0.2504971557250256,-1.487435150530764,-1.1598323406065933,-1.689103362113896,1.4712566519743222,0.052604253219491845,0.389635491852923,-0.13141682486013195,0.13503769747108763,-0.046083835381850236,-0.0003872434577552042,-0.006796990853092821,-1.4832579608992091e-13,6.616929226765933e-14,1.318944953254686e-13,1.979527652906654e-13,-6.60070956226555e-14,2.0539125955565396e-15
4.682615388769267,0.26098286348457267,-1.4909717852803803,-1.1561982624442824,-1.6903435510606348,1.471246230639986,0.05242133543807796,0.389635491852915,-0.1314168248601213,0.13503769747109473,-0.04608383538183958,-0.0003872434577587569,-0.00679699085309271,-1.5010215292932116e-13,6.616929226765933e-14,-6.661338147750939e-14,-1.318944953254686e-13,8.673617379884035e-19,8.271161533457416e-15
4.709526971463344,0.2714685712441196,-1.4945084200299965,-1.1525641842819714,-1.6915837400073737,1.4712358093056501,0.05223841765666408,0.389635491852915,-0.1314168248601284,0.13503769747108407,-0.04608383538185734,-0.0003872434577552042,-0.006796990853092377,1.5010215292932116e-13,-1.3233858453531866e-13,-1.3145040611561853e-13,-3.3018032752352156e-13,6.600622826091751e-14,2.0539125955565396e-15
4.73643855415742,0.28195427900366654,-1.4980450547796127,-1.1489301061196606,-1.6928239289541127,1.4712253879713137,0.0520554998752502,0.389635491852923,-0.1314168248601284,0.13503769747108763,-0.04608383538185734,-0.0003872434577552042,-0.006796990853092599,1.652011860642233e-13,-6.616929226765933e-14,6.616929226765933e-14,1.3211653993039363e-13,0.0,-6.189493362285248e-15
4.763350136851496,0.2924399867632136,-1.501581689529229,-1.1452960279573499,-1.6940641179008518,1.4712149666369778,0.051872582093836314,0.3896354918529239,-0.13141682486013195,0.13503769747108763,-0.046083835381850236,-0.0003872434577552042,-0.00679699085309271,1.687538997430238e-14,0.0,6.572520305780927e-14,1.9806378759312793e-13,0.0,-2.0539125955565396e-15
4.790261719545573,0.3029256945227606,-1.5051183242788455,-1.1416619497950389,-1.6953043068475906,1.4712045453026414,0.05168966431242243,0.3896354918529239,-0.1314168248601284,0.13503769747109118,-0.04608383538184668,-0.0003872434577552042,-0.00679699085309271,-3.2862601528904634e-14,1.318944953254686e-13,6.572520305780927e-14,-6.605826996519681e-14,6.60070956226555e-14,2.0539125955565396e-15
4.817173302239649,0.3134114022823076,-1.5086549590284617,-1.138027871632728,-1.6965444957943294,1.4711941239683055,0.05150674653100855,0.3896354918529221,-0.13141682486012485,0.13503769747109118,-0.04608383538185379,-0.0003872434577516515,-0.006796990853092599,-3.2862601528904634e-14,0.0,0.0,-1.9806378759312793e-13,-6.60070956226555e-14,2.0539125955565396e-15
4.844084884933725,0.32389711004185456,-1.5121915937780779,-1.1343937934704171,-1.6977846847410685,1.4711837026339694,0.051323828749594666,0.3896354918529221,-0.1314168248601284,0.13503769747109118,-0.04608383538185734,-0.0003872434577587569,-0.006796990853092599,1.5987211554602254e-14,-1.318944953254686e-13,-6.572520305780927e-14,0.0,-6.60070956226555e-14,-2.0539125955565396e-15
4.870996467627801,0.3343828178014016,-1.5157282285276943,-1.1307597153081062,-1.6990248736878075,1.4711732812996332,0.05114091096818078,0.389635491852923,-0.13141682486013195,0.13503769747108763,-0.04608383538185379,-0.0003872434577552042,-0.00679699085309271,-1.687538997430238e-14,6.572520305780927e-14,-6.572520305780927e-14,1.3211653993039363e-13,6.60070956226555e-14,-2.0539125955565396e-15
4.8979080503218775,0.34486852556094855,-1.5192648632773107,-1.1271256371457954,-1.7002650626345464,1.471162859965297,0.0509579931867669,0.38963549185292123,-0.13141682486012485,0.13503769747108763,-0.046083835381850236,-0.0003872434577552042,-0.00679699085309271,-1.5987211554602254e-14,1.318944953254686e-13,6.572520305780927e-14,6.605826996519681e-14,0.0,2.0539125955565396e-15
4.924819633015954,0.35535423332049554,-1.5228014980269267,-1.1234915589834844,-1.7015052515812852,1.471152438630961,0.05077507540535302,0.3896354918529221,-0.13141682486012485,0.13503769747109118,-0.046083835381850236,-0.0003872434577552042,-0.006796990853092599,4.973799150320701e-14,-1.318944953254686e-13,0.0,-6.605826996519681e-14,6.60070956226555e-14,2.0539125955565396e-15
4.95173121571003,0.36583994108004253,-1.526338132776543,-1.1198574808211736,-1.702745440528024,1.471142017296625,0.050592157623939135,0.3896354918529239,-0.13141682486013195,0.13503769747108763,-0.04608383538185379,-0.0003872434577516515,-0.006796990853092599,-1.687538997430238e-14,-6.572520305780927e-14,-6.572520305780927e-14,-6.605826996519681e-14,0.0,-2.0539125955565396e-15
4.978642798404106,0.3763256488395896,-1.5298747675261595,-1.1162234026588629,-1.703985629474763,1.4711315959622888,0.05040923984252525,0.38963549185292123,-0.1314168248601284,0.13503769747108763,-0.04608383538185379,-0.0003872434577552042,-0.00679699085309271,-8.260059303211165e-14,1.318944953254686e-13,0.0,0.0,-1.32014191245311e-13,-4.107825191113079e-15
5.005554381098182,0.38681135659913646,-1.5334114022757757,-1.112589324496552,-1.705225818421502,1.4711211746279527,0.05022632206111137,0.38963549185291946,-0.13141682486012485,0.13503769747108763,-0.04608383538185379,-0.0003872434577587569,-0.006796990853092821,3.2862601528904634e-14,-6.616929226765933e-14,6.572520305780927e-14,6.605826996519681e-14,0.0,2.0539125955565396e-15
5.032465963792259,0.3972970643586834,-1.5369480370253918,-1.1089552463342411,-1.706466007368241,1.4711107532936165,0.05004340427969748,0.389635491852923,-0.13141682486013195,0.13503769747109118,-0.046083835381850236,-0.0003872434577552042,-0.006796990853092599,6.572520305780927e-14,-1.318944953254686e-13,6.572520305780927e-14,0.0,1.32014191245311e-13,4.107825191113079e-15
5.059377546486335,0.40778277211823044,-1.5404846717750083,-1.1053211681719302,-1.7077061963149798,1.4711003319592804,0.049860486498283604,0.389635491852923,-0.13141682486013195,0.13503769747109118,-0.04608383538185379,-0.0003872434577516515,-0.006796990853092599,-1.5987211554602254e-14,6.616929226765933e-14,-1.318944953254686e-13,0.0,6.60070956226555e-14,-2.0539125955565396e-15
5.086289129180411,0.4182684798777774,-1.5440213065246244,-1.1016870900096194,-1.7089463852617188,1.4710899106249444,0.049677568716869715,0.3896354918529221,-0.1314168248601284,0.13503769747108407,-0.046083835381850236,-0.0003872434577516515,-0.00679699085309271,0.0,6.616929226765933e-14,-6.572520305780927e-14,1.3200551762793111e-13,-6.60070956226555e-14,-2.0539125955565396e-15
5.113200711874487,0.4287541876373244,-1.5475579412742408,-1.0980530118473086,-1.7101865742084574,1.4710794892906083,0.04949465093545584,0.389635491852923,-0.1314168248601284,0.13503769747108763,-0.04608383538184668,-0.0003872434577552042,-0.00679699085309271,3.2862601528904634e-14,0.0,6.616929226765933e-14,-1.3211653993039363e-13,-1.32014191245311e-13,0.0
5.1401122945685636,0.4392398953968714,-1.551094576023857,-1.0944189336849977,-1.7114267631551965,1.4710690679562721,0.04931173315404195,0.3896354918529239,-0.1314168248601284,0.13503769747108763,-0.04608383538185734,-0.0003872434577587569,-0.00679699085309271,-3.2862601528904634e-14,0.0,6.572520305780927e-14,-1.3200551762793111e-13,-6.60070956226555e-14,0.0
5.16702387726264,0.44972560315641846,-1.5546312107734734,-1.090784855522687,-1.7126669521019355,1.471058646621936,0.04912881537262807,0.38963549185292123,-0.1314168248601284,0.13503769747109118,-0.04608383538185379,-0.0003872434577587569,-0.00679699085309271,-4.973799150320701e-14,0.0,6.572520305780927e-14,1.3211653993039363e-13,6.60070956226555e-14,0.0
5.193935459956716,0.46021131091596534,-1.5581678455230896,-1.087150777360376,-1.7139071410486744,1.4710482252875998,0.04894589759121418,0.38963549185292123,-0.1314168248601284,0.13503769747109118,-0.046083835381850236,-0.0003872434577552042,-0.00679699085309271,6.572520305780927e-14,0.0,-1.318944953254686e-13,0.0,1.32014191245311e-13,0.0
5.220847042650792,0.4706970186755124,-1.561704480272706,-1.0835166991980651,-1.7151473299954132,1.4710378039532637,0.0487629798098003,0.3896354918529248,-0.1314168248601284,0.13503769747108407,-0.04608383538185379,-0.0003872434577516515,-0.00679699085309271,6.572520305780927e-14,6.572520305780927e-14,-6.572520305780927e-14,-6.605826996519681e-14,6.60070956226555e-14,2.0539125955565396e-15
5.2477586253448685,0.48118272643505944,-1.5652411150223222,-1.0798826210357544,-1.7163875189421522,1.4710273826189277,0.04858006202838641,0.3896354918529248,-0.13141682486012485,0.13503769747108763,-0.04608383538185379,-0.0003872434577516515,-0.006796990853092599,-6.572520305780927e-14,0.0,1.318944953254686e-13,6.605826996519681e-14,-6.60070956226555e-14,2.0539125955565396e-15
5.274670208038945,0.4916684341946065,-1.5687777497719384,-1.0762485428734434,-1.717627707888891,1.4710169612845916,0.048397144246972536,0.38963549185292123,-0.1314168248601284,0.13503769747109118,-0.046083835381850236,-0.0003872434577552042,-0.006796990853092599,-6.572520305780927e-14,-6.572520305780927e-14,6.572520305780927e-14,0.0,-1.32014191245311e-13,-4.107825191113079e-15
5.301581790733021,0.5021541419541533,-1.5723143845215548,-1.0726144647111326,-1.71886789683563,1.4710065399502554,0.048214226465558646,0.38963549185292123,-0.1314168248601284,0.13503769747109118,-0.04608383538185379,-0.0003872434577587569,-0.006796990853092821,3.2862601528904634e-14,6.572520305780927e-14,-6.572520305780927e-14,0.0,6.60070956226555e-14,-2.0539125955565396e-15
5.328493373427097,0.5126398497137004,-1.575851019271171,-1.0689803865488217,-1.720108085782369,1.4709961186159193,0.04803130868414476,0.389635491852923,-0.13141682486012485,0.13503769747108763,-0.046083835381850236,-0.0003872434577516515,-0.00679699085309271,-3.2862601528904634e-14,-6.616929226765933e-14,-1.318944953254686e-13,1.3200551762793111e-13,6.60070956226555e-14,2.0539125955565396e-15
5.355404956121173,0.5231255574732473,-1.5793876540207872,-1.065346308386511,-1.7213482747291078,1.4709856972815833,0.04784839090273088,0.38963549185291946,-0.13141682486013195,0.13503769747108407,-0.04608383538184668,-0.0003872434577552042,-0.00679699085309271,9.947598300641403e-14,-1.318944953254686e-13,6.572520305780927e-14,-6.605826996519681e-14,-1.32014191245311e-13,-4.107825191113079e-15
5.38231653881525,0.5336112652327942,-1.5829242887704036,-1.0617122302242001,-1.7225884636758466,1.470975275947247,0.047665473121317,0.38963549185292834,-0.13141682486013195,0.13503769747109118,-0.04608383538185379,-0.0003872434577587569,-0.006796990853092932,0.0,6.572520305780927e-14,6.572520305780927e-14,-3.3006930522105904e-13,8.673617379884035e-19,6.189493362285248e-15
5.409228121509325,0.5440969729923413,-1.5864609235200198,-1.0580781520618892,-1.7238286526225857,1.470964854612911,0.047482555339903115,0.38963549185291946,-0.1314168248601284,0.13503769747108763,-0.046083835381864446,-0.0003872434577552042,-0.006796990853092377,-3.2862601528904634e-13,1.3145040611561853e-13,-1.3145040611561853e-13,6.59472476627343e-14,-1.3201505860704899e-13,8.215650382226158e-15
5.436139704203403,0.5545826807518883,-1.5899975582696362,-1.0544440738995782,-1.7250688415693247,1.4709544332785747,0.04729963755848923,0.3896354918529106,-0.13141682486012485,0.13503769747108407,-0.046083835381850236,-0.00038724345776586233,-0.006796990853092488,1.3145040611561853e-13,6.661338147750939e-14,6.572520305780927e-14,2.6401103525586223e-13,-6.60070956226555e-14,-8.243405957841787e-15
5.463051286897479,0.5650683885114354,-1.5935341930192524,-1.0508099957372674,-1.7263090305160633,1.4709440119442385,0.04711671977707535,0.38963549185292656,-0.13141682486012485,0.13503769747109118,-0.046083835381850236,-0.0003872434577587569,-0.006796990853092821,2.9665159217984183e-13,-6.616929226765933e-14,1.318944953254686e-13,-1.318944953254686e-13,1.9802215422970448e-13,-8.271161533457416e-15
5.4899628695915546,0.5755540962709822,-1.5970708277688686,-1.0471759175749564,-1.7275492194628024,1.4709335906099024,0.04693380199566147,0.38963549185292656,-0.1314168248601284,0.13503769747109118,-0.04608383538185734,-0.0003872434577552042,-0.006796990853092932,3.375077994860476e-14,-1.9806378759312793e-13,0.0,-1.1102230246251565e-16,6.600622826091751e-14,2.0816681711721685e-15
5.516874452285631,0.5860398040305292,-1.600607462518485,-1.0435418394126457,-1.7287894084095412,1.4709231692755662,0.04675088421424758,0.38963549185292834,-0.1314168248601355,0.13503769747109118,-0.046083835381850236,-0.0003872434577552042,-0.00679699085309271,-1.652011860642233e-13,0.0,-1.318944953254686e-13,-1.3200551762793111e-13,6.600796298439349e-14,1.0325074129013956e-14
5.543786034979706,0.5965255117900762,-1.6041440972681014,-1.0399077612503347,-1.7300295973562803,1.4709127479412303,0.0465679664328337,0.3896354918529177,-0.1314168248601284,0.13503769747108407,-0.046083835381864446,-0.0003872434577516515,-0.006796990853092377,0.0003602173806385167,0.013686034083821852,-0.03301247951917263,0.010436495378437605,0.003846051788747599,-0.0011391583640809888
5.570697617673784,0.6070112195496233,-1.6076807320177176,-1.036273683088024,-1.7312697863030193,1.4709023266068941,0.04638504865141981,0.3896548798925821,-0.13068019918413398,0.13326086132605752,-0.04552211016502383,-0.0001802367762380186,-0.0068583039621259445,0.002730068570545363,0.10372573200170976,-0.2501998447764273,0.07909764918483075,0.029149024083634557,-0.008633621285662557
5.5976092003678595,0.6174979708348357,-1.611177719241746,-1.0327352398714147,-1.73247974142051,1.470903047027414,0.046198830804397975,0.38978243278511115,-0.12583397763159354,0.12157114984559314,-0.04182654952797549,0.0011816492864049621,-0.00726167967944924,0.007981658806476943,0.3032537025881923,-0.7314870461871981,0.23125076601912087,0.08522041068889845,-0.02524135111986303
5.624520783061936,0.6279905438948125,-1.6144535150072319,-1.029730338983457,-1.7335210235958791,1.4709659267118669,0.045994202065037036,0.3900844780345949,-0.11435812499516018,0.09388991305983296,-0.033075461939439776,0.004406595482716824,-0.008216873378070755,0.013953683803748618,0.5301537413420079,-1.2787992066360978,0.4042768736103013,0.14898390087172897,-0.04412739768222085
5.651432365756011,0.6384935522114425,-1.6173328355168395,-1.027681787552516,-1.7342599674787662,1.4711402239448792,0.045756572669596575,0.39053346421625434,-0.09729942513019552,0.052742128648581854,-0.020067088497043528,0.009200434423195958,-0.009636755903048133,0.018503798087586176,0.7030299613448818,-1.6957989479301991,0.5361062889181454,0.19756560767777526,-0.058516766491640615
5.678343948450089,0.6490102911289324,-1.6196904780581864,-1.0268915906702811,-1.734601097818914,1.4714611232154693,0.04547552135826201,0.39108041101937197,-0.07651882711286717,0.0026166458203285003,-0.004220524485369026,0.015040201859768842,-0.011366430978930309,0.021233866658493028,0.8067556933465796,-1.945998792706862,0.6152039381028351,0.2267146317614725,-0.06715038777731458
5.705255531144165,0.6595427378538056,-1.621451321003843,-1.0275409513917662,-1.7344871294661675,1.471949735217049,0.04514479537514458,0.39167633813324443,-0.053877280019367646,-0.05199768621642775,0.013045134810909076,0.021402933544408143,-0.013251002330265216,0.02214388951548507,0.8413309373470536,-2.0293987409659344,0.6415698211639889,0.23643097312282624,-0.07002826153920305
5.732167113838241,0.6700915514549035,-1.6225903238113326,-1.0296902707353093,-1.7338989673704757,1.4726130968474216,0.04476231046828137,0.3922722652471009,-0.03123573292586812,-0.10661201825318756,0.030310794107187178,0.027765665229040337,-0.015135573681599568,0.021233866657966338,0.8067556933465645,-1.945998792706853,0.61520393810261,0.22671463176148682,-0.06715038777729404
5.759078696532316,0.6806560728633848,-1.623132527023132,-1.033279147682572,-1.73285570658189,1.4734441712087836,0.0443301508896353,0.3928192120502061,-0.010455134908543329,-0.15673750108143025,0.04615735811884747,0.03360543266562033,-0.016865248757480966,0.018503798087420087,0.7030299613450277,-1.6957989479301008,0.5361062889181561,0.1975656076777791,-0.05851676649163562
5.785990279226394,0.6912343248727257,-1.6231530522666704,-1.0381263791785411,-1.7314146322505646,1.4744218476077235,0.04385456939509512,0.3932681982318691,0.006603564956431995,-0.19788528549268491,0.05916573156125793,0.038399271606092356,-0.01828513128245879,0.013953683804243333,0.5301537413420372,-1.278799206636076,0.40427687361053743,0.1489839008717847,-0.04412739768224044
5.81290186192047,0.7018230121387201,-1.622777102254331,-1.0439299601315268,-1.7296712196267574,1.475510941555223,0.043345987244475415,0.3935702434813759,0.01807941759285825,-0.2255665222784451,0.06791681914979364,0.041624217802414876,-0.01924032498108108,0.007981658806906822,0.3032537025882579,-0.7314870461873295,0.23125076601898886,0.08522041068896435,-0.025241351119881572
5.8398134446145455,0.712417521179479,-1.6221799607834486,-1.050267083413164,-1.7277591340608285,1.4766621947666554,0.04281899420151661,0.393697796373905,0.02292563914540935,-0.23725623375891658,0.07161237978683488,0.04298610386505075,-0.019643700698404598,0.0027300685700506477,0.10372573200170682,-0.25019984477635493,0.07909764918456474,0.02914902408350184,-0.008633621285633497
5.866725027308621,0.7230130737459033,-1.6215431717869784,-1.056699841640503,-1.7258168146656516,1.4778245897329438,0.042288701092949854,0.39371718441354275,0.02366226482139311,-0.23903306990393247,0.07217410500366839,0.043193110546564384,-0.01970501380743639,0.00036021738030722616,0.013686034083362775,-0.033012479518915505,0.010436495378373767,0.003846051788814364,-0.0011391583640523173
5.8936366100027,0.7336086263123275,-1.6209063827905086,-1.0631325998678416,-1.7238744952704743,1.478986984699232,0.0417584079843831,0.393717184413541,0.023662264821386003,-0.23903306990393602,0.07217410500365773,0.04319311054657149,-0.019705013807436278,4.289901767151605e-13,5.551115123125783e-17,-3.9612757518625585e-13,-1.978417429882029e-13,1.3211653993039363e-13,-2.6867397195928788e-14
5.920548192696775,0.7442041788787517,-1.6202695937940386,-1.0695653580951807,-1.7219321758752977,1.4801493796655207,0.041228114875816346,0.39371718441356585,0.02366226482139311,-0.2390330699039538,0.07217410500365773,0.04319311054657149,-0.019705013807437832,3.9612757518625585e-13,1.3200551762793111e-13,-1.3233858453531866e-13,1.3211653993039363e-13,-6.59472476627343e-14,-2.0650148258027912e-14
5.9474597753908505,0.7547997314451759,-1.6196328047975685,-1.0759981163225194,-1.7199898564801206,1.481311774631809,0.040697821767249585,0.3937171844135623,0.02366226482139311,-0.23903306990394313,0.07217410500366483,0.04319311054656794,-0.019705013807437388,-4.60964599824365e-13,5.551115123125783e-17,3.304023721284466e-13,6.616929226765933e-14,0.0,2.886579864025407e-14
5.974371358084927,0.7653952840116002,-1.6189960158010985,-1.0824308745498583,-1.7180475370849435,1.4824741695980974,0.04016752865868283,0.393717184413541,0.02366226482139311,-0.23903306990393602,0.07217410500366128,0.04319311054657149,-0.019705013807436278,-3.2951419370874646e-13,6.605826996519681e-14,1.3233858453531866e-13,0.0,-6.605826996519681e-14,6.161737786669619e-15
6.001282940779005,0.7759908365780243,-1.6183592268046283,-1.0888636327771972,-1.7161052176897664,1.4836365645643859,0.03963723555011608,0.39371718441354453,0.02366226482139666,-0.23903306990393602,0.07217410500366483,0.043193110546564384,-0.019705013807437055,4.938272013532696e-13,0.0,-3.2951419370874646e-13,1.318944953254686e-13,-6.605826996519681e-14,-2.886579864025407e-14
6.02819452347308,0.7865863891444485,-1.6177224378081583,-1.0952963910045361,-1.7141628982945893,1.484798959530674,0.03910694244154931,0.3937171844135676,0.02366226482139311,-0.2390330699039538,0.07217410500366839,0.04319311054656794,-0.019705013807437832,2.637889906509372e-13,-6.600275881396556e-14,-2.637889906509372e-13,-6.616929226765933e-14,1.9806378759312793e-13,-4.163336342344337e-15
6.055106106167155,0.7971819417108728,-1.6170856488116883,-1.101729149231875,-1.7122205788994123,1.4859613544969625,0.038576649332982556,0.39371718441355874,0.02366226482139311,-0.23903306990395023,0.07217410500366128,0.04319311054657504,-0.019705013807437277,-4.938272013532696e-13,-6.59472476627343e-14,3.9612757518625585e-13,-3.299582829185965e-13,6.59472476627343e-14,2.681188604469753e-14
6.082017688861232,0.8077774942772968,-1.616448859815218,-1.108161907459214,-1.7102782595042354,1.487123749463251,0.0380463562244158,0.393717184413541,0.023662264821389556,-0.23903306990393247,0.07217410500365062,0.04319311054657149,-0.01970501380743639,-2.637889906509372e-13,5.551115123125783e-17,2.637889906509372e-13,6.616929226765933e-14,-1.3200551762793111e-13,1.0269562977782698e-14
6.10892927155531,0.8183730468437211,-1.6158120708187482,-1.1145946656865526,-1.7083359401090585,1.4882861444295392,0.03751606311584904,0.39371718441354453,0.02366226482139311,-0.23903306990393602,0.07217410500366483,0.04319311054656794,-0.019705013807436722,3.6148861681795097e-13,6.600275881396556e-14,-3.2951419370874646e-13,2.6401103525586223e-13,0.0,-1.6431300764452317e-14
6.135840854249385,0.8289685994101452,-1.615175281822278,-1.1210274239138915,-1.7063936207138815,1.4894485393958277,0.03698577000728229,0.3937171844135605,0.02366226482139311,-0.23903306990395023,0.07217410500366483,0.04319311054657149,-0.019705013807437277,2.646771690706373e-13,5.551115123125783e-17,-1.9806378759312793e-13,2.220446049250313e-16,6.59472476627343e-14,-1.4432899320127035e-14
6.162752436943461,0.8395641519765695,-1.614538492825808,-1.1274601821412304,-1.7044513013187044,1.490610934362116,0.03645547689871553,0.39371718441355874,0.02366226482139311,-0.23903306990394668,0.07217410500366483,0.04319311054657149,-0.0197050138074375,-2.318145675417327e-13,-6.605826996519681e-14,1.3233858453531866e-13,-6.616929226765933e-14,6.605826996519681e-14,1.0325074129013956e-14
6.1896640196375365,0.8501597045429936,-1.613901703829338,-1.1338929403685694,-1.7025089819235273,1.4917733293284046,0.03592518379014877,0.3937171844135481,0.023662264821389556,-0.23903306990394313,0.07217410500366128,0.04319311054657504,-0.019705013807436722,-3.2862601528904634e-13,0.0,1.9806378759312793e-13,-6.59472476627343e-14,-1.3200551762793111e-13,2.0539125955565396e-14
6.2165756023316145,0.8607552571094179,-1.613264914832868,-1.1403256985959083,-1.7005666625283502,1.4929357242946928,0.03539489068158202,0.393717184413541,0.02366226482139311,-0.23903306990393602,0.07217410500366128,0.043193110546564384,-0.01970501380743639,1.652011860642233e-13,1.3195000647669985e-13,0.0,6.59472476627343e-14,-6.605826996519681e-14,-1.2323475573339238e-14
6.243487185025691,0.8713508096758422,-1.612628125836398,-1.1467584568232472,-1.6986243431331733,1.4940981192609812,0.034864597573015264,0.39371718441355696,0.02366226482139666,-0.23903306990394313,0.07217410500366483,0.04319311054657149,-0.019705013807437388,4.2810199829546036e-13,-5.551115123125783e-17,-1.9806378759312793e-13,6.59472476627343e-14,0.0,-2.886579864025407e-14
6.270398767719766,0.8819463622422662,-1.6119913368399277,-1.1531912150505859,-1.6966820237379963,1.4952605142272697,0.034334304464448503,0.39371718441356407,0.02366226482139311,-0.23903306990394668,0.07217410500366483,0.043193110546564384,-0.019705013807437943,6.572520305780927e-14,-6.600275881396556e-14,-1.3145040611561853e-13,-6.616929226765933e-14,-1.3200551762793111e-13,-2.0539125955565396e-15
6.2973103504138415,0.8925419148086905,-1.6113545478434579,-1.1596239732779248,-1.6947397043428192,1.4964229091935577,0.03380401135588174,0.3937171844135605,0.02366226482139311,-0.23903306990395023,0.07217410500366128,0.043193110546564384,-0.0197050138074375,-3.9523939676655573e-13,5.551115123125783e-17,1.3145040611561853e-13,-1.318944953254686e-13,1.9806378759312793e-13,3.091971123581061e-14
6.324221933107918,0.9031374673751147,-1.6107177588469876,-1.1660567315052637,-1.6927973849476423,1.4975853041598461,0.03327371824731499,0.39371718441354275,0.02366226482139311,-0.23903306990393958,0.07217410500365773,0.04319311054657504,-0.019705013807436278,-2.637889906509372e-13,5.551115123125783e-17,3.2951419370874646e-13,1.3211653993039363e-13,0.0,8.215650382226158e-15
6.351133515801996,0.9137330199415388,-1.6100809698505176,-1.1724894897326026,-1.6908550655524652,1.4987476991261346,0.032743425138748235,0.3937171844135463,0.02366226482139311,-0.23903306990393247,0.07217410500366839,0.043193110546564384,-0.019705013807437055,4.60964599824365e-13,0.0,-1.9806378759312793e-13,1.978417429882029e-13,-1.3211653993039363e-13,-2.886579864025407e-14
6.378045098496071,0.9243285725079631,-1.6094441808540476,-1.1789222479599413,-1.6889127461572881,1.4999100940924228,0.03221313203018147,0.3937171844135676,0.02366226482139311,-0.23903306990395023,0.07217410500366839,0.04319311054656794,-0.019705013807437832,2.637889906509372e-13,0.0,-2.637889906509372e-13,-1.3211653993039363e-13,1.3200551762793111e-13,-4.163336342344337e-15
6.404956681190146,0.9349241250743872,-1.6088073918575776,-1.1853550061872804,-1.686970426762111,1.5010724890587113,0.03168283892161471,0.3937171844135605,0.02366226482139311,-0.23903306990394668,0.07217410500366128,0.04319311054657149,-0.019705013807437277,-4.60964599824365e-13,-6.59472476627343e-14,1.971756091734278e-13,-2.637889906509372e-13,1.3200551762793111e-13,2.886579864025407e-14
6.431868263884223,0.9455196776408115,-1.6081706028611076,-1.191787764414619,-1.6850281073669342,1.5022348840249997,0.03115254581304796,0.39371718441354275,0.023662264821389556,-0.23903306990393958,0.07217410500365418,0.04319311054657504,-0.019705013807436278,-2.637889906509372e-13,6.605826996519681e-14,1.9806378759312793e-13,6.616929226765933e-14,-6.59472476627343e-14,8.215650382226158e-15
6.458779846578301,0.9561152302072355,-1.6075338138646376,-1.1982205226419582,-1.6830857879717573,1.5033972789912882,0.030622252704481205,0.3937171844135463,0.02366226482139666,-0.23903306990393602,0.07217410500366483,0.04319311054656794,-0.019705013807436833,4.60964599824365e-13,0.0,-1.3233858453531866e-13,1.978417429882029e-13,-1.3211653993039363e-13,-2.0594637106796654e-14
6.485691429272376,0.9667107827736598,-1.6068970248681675,-1.204653280869297,-1.6811434685765803,1.5045596739575766,0.030091959595914448,0.3937171844135676,0.023662264821389556,-0.23903306990394668,0.07217410500366483,0.04319311054656794,-0.019705013807437388,2.646771690706373e-13,5.551115123125783e-17,-1.9806378759312793e-13,6.616929226765933e-14,0.0,-1.2323475573339238e-14
6.512603011966452,0.9773063353400842,-1.6062602358716975,-1.2110860390966358,-1.6792011491814032,1.5057220689238648,0.029561666487347694,0.3937171844135605,0.02366226482139666,-0.23903306990394668,0.07217410500366839,0.04319311054656794,-0.0197050138074375,-3.97015753605956e-13,1.3195000647669985e-13,1.3233858453531866e-13,-6.616929226765933e-14,6.59472476627343e-14,1.2378986724570495e-14
6.5395145946605275,0.9879018879065082,-1.6056234468752273,-1.2175187973239747,-1.677258829786226,1.5068844638901533,0.029031373378780933,0.3937171844135463,0.02366226482139666,-0.23903306990393958,0.07217410500366128,0.04319311054657149,-0.019705013807436722,-3.2862601528904634e-13,5.551115123125783e-17,1.9806378759312793e-13,2.220446049250313e-16,-6.59472476627343e-14,1.2323475573339238e-14
6.5664261773546055,0.9984974404729323,-1.604986657878757,-1.2239515555513134,-1.675316510391049,1.5080468588564417,0.028501080270214176,0.39371718441354275,0.02366226482139666,-0.23903306990393602,0.07217410500366839,0.043193110546564384,-0.019705013807436833,3.2951419370874646e-13,-1.3206102877916237e-13,-1.9806378759312793e-13,6.59472476627343e-14,-6.605826996519681e-14,-1.2323475573339238e-14
6.593337760048681,1.0090929930393566,-1.604349868882287,-1.2303843137786523,-1.673374190995872,1.50920925382273,0.027970787161647418,0.39371718441356407,0.023662264821389556,-0.23903306990395023,0.07217410500366483,0.04319311054656794,-0.019705013807437388,3.304023721284466e-13,-6.59472476627343e-14,-1.9806378759312793e-13,-6.572520305780927e-14,6.605826996519681e-14,-1.1324274851176597e-14
6.620249342742757,1.019688545605781,-1.603713079885817,-1.2368170720059912,-1.6714318716006948,1.5103716487890184,0.02744049405308066,0.3937171844135605,0.02366226482139311,-0.23903306990394668,0.07217410500366483,0.04319311054656794,-0.019705013807437444,-3.312905505481467e-13,-5.551115123125783e-17,1.9895196601282805e-13,-2.6423307986078726e-13,0.0,1.3378187446733136e-14
6.6471609254368325,1.030284098172205,-1.603076290889347,-1.2432498302333301,-1.669489552205518,1.5115340437553066,0.0269102009445139,0.3937171844135463,0.023662264821389556,-0.23903306990393958,0.07217410500365062,0.04319311054656794,-0.019705013807436667,-3.943512183468556e-13,0.0,1.9806378759312793e-13,-1.318944953254686e-13,1.1102230246251565e-16,1.9539925233402755e-14
6.6740725081309105,1.040879650738629,-1.602439501892877,-1.249682588460669,-1.6675472328103411,1.512696438721595,0.02637990783594715,0.3937171844135392,0.02366226482139311,-0.23903306990393602,0.07217410500365773,0.04319311054656794,-0.01970501380743639,3.2951419370874646e-13,6.59472476627343e-14,-1.3145040611561853e-13,3.299582829185965e-13,0.0,-1.4432899320127035e-14
6.700984090824987,1.0514752033050534,-1.601802712896407,-1.256115346688008,-1.665604913415164,1.5138588336878835,0.025849614727380392,0.39371718441356407,0.02366226482139311,-0.23903306990394668,0.07217410500366839,0.04319311054656794,-0.019705013807437444,4.618527782440651e-13,-5.551115123125783e-17,-1.9806378759312793e-13,1.978417429882029e-13,1.3200551762793111e-13,-2.475797344914099e-14
6.727895673519062,1.0620707558714777,-1.601165923899937,-1.2625481049153469,-1.663662594019987,1.515021228654172,0.025319321618813635,0.39371718441356407,0.02366226482139311,-0.23903306990394668,0.07217410500366839,0.04319311054657504,-0.01970501380743772,-2.637889906509372e-13,-6.600275881396556e-14,6.572520305780927e-14,-1.9806378759312793e-13,6.59472476627343e-14,1.2378986724570495e-14
6.754807256213137,1.0726663084379018,-1.600529134903467,-1.2689808631426855,-1.6617202746248099,1.5161836236204604,0.024789028510246877,0.39371718441354986,0.023662264821389556,-0.23903306990394313,0.07217410500365773,0.04319311054657149,-0.019705013807436778,-4.60964599824365e-13,6.605826996519681e-14,2.637889906509372e-13,-6.59472476627343e-14,-2.639000129533997e-13,2.2648549702353193e-14
6.781718838907215,1.083261861004326,-1.599892345906997,-1.2754136213700247,-1.659777955229633,1.5173460185867487,0.024258735401680116,0.3937171844135392,0.02366226482139666,-0.23903306990393247,0.07217410500366483,0.04319311054656083,-0.0197050138074365,6.572520305780927e-14,6.59472476627343e-14,-6.572520305780927e-14,1.3211653993039363e-13,-6.59472476627343e-14,-9.270362255620057e-15
6.808630421601292,1.0938574135707502,-1.599255556910527,-1.2818463795973634,-1.6578356358344557,1.5185084135530371,0.023728442293113362,0.3937171844135534,0.02366226482139311,-0.23903306990394668,0.07217410500366483,0.04319311054656794,-0.019705013807437277,3.9612757518625585e-13,-5.551115123125783e-17,-2.637889906509372e-13,-1.9828583219805296e-13,1.979527652906654e-13,-1.5487611193520934e-14
6.835542004295367,1.1044529661371743,-1.5986187679140569,-1.2882791378247023,-1.6558933164392788,1.5196708085193253,0.02319814918454661,0.3937171844135605,0.02366226482139666,-0.23903306990394668,0.07217410500365418,0.04319311054657149,-0.019705013807437333,-1.3145040611561853e-13,1.3206102877916237e-13,2.637889906509372e-13,-1.978417429882029e-13,6.59472476627343e-14,1.5487611193520934e-14
6.862453586989443,1.1150485187035986,-1.5979819789175866,-1.294711896052041,-1.653950997044102,1.5208332034856138,0.02266785607597985,0.3937171844135463,0.023662264821400214,-0.23903306990393247,0.07217410500365418,0.04319311054657149,-0.019705013807436444,-3.2951419370874646e-13,6.605826996519681e-14,1.3145040611561853e-13,2.6401103525586223e-13,-6.59472476627343e-14,8.1601392309949e-15
6.889365169683521,1.1256440712700229,-1.5973451899211164,-1.3011446542793799,-1.652008677648925,1.5219955984519022,0.02213756296741309,0.39371718441354275,0.023662264821400214,-0.23903306990393958,0.07217410500366839,0.04319311054656794,-0.01970501380743689,3.2951419370874646e-13,-1.3206102877916237e-13,-3.9523939676655573e-13,1.978417429882029e-13,0.0,-2.4702462297909733e-14
6.9162767523775965,1.136239623836447,-1.5967084009246464,-1.3075774125067188,-1.6500663582537478,1.5231579934181907,0.021607269858846333,0.39371718441356407,0.02366226482139311,-0.2390330699039538,0.07217410500366483,0.04319311054657149,-0.019705013807437777,3.2951419370874646e-13,-1.3200551762793111e-13,-1.9806378759312793e-13,-1.3211653993039363e-13,-6.605826996519681e-14,-9.270362255620057e-15
6.943188335071672,1.1468351764028712,-1.5960716119281764,-1.3140101707340577,-1.6481240388585707,1.5243203883844791,0.021076976750279575,0.3937171844135605,0.02366226482139311,-0.23903306990395023,0.07217410500366128,0.043193110546564384,-0.019705013807437388,-1.971756091734278e-13,5.551115123125783e-17,1.3233858453531866e-13,2.220446049250313e-16,-1.3200551762793111e-13,7.216449660063518e-15
6.970099917765748,1.1574307289692953,-1.5954348229317064,-1.3204429289613966,-1.6461817194633939,1.5254827833507671,0.020546683641712818,0.3937171844135534,0.02366226482139311,-0.23903306990394668,0.07217410500366483,0.043193110546564384,-0.019705013807437388,-1.9806378759312793e-13,-1.3206102877916237e-13,1.3233858453531866e-13,0.0,1.9806378759312793e-13,1.3378187446733136e-14
6.9970115004598235,1.1680262815357194,-1.5947980339352363,-1.3268756871887355,-1.6442394000682168,1.5266451783170556,0.020016390533146064,0.39371718441354986,0.023662264821386003,-0.23903306990394313,0.07217410500366128,0.04319311054657504,-0.019705013807436667,-1.971756091734278e-13,6.605826996519681e-14,2.637889906509372e-13,-6.59472476627343e-14,6.605826996519681e-14,1.6431300764452317e-14
7.0239230831539015,1.1786218341021437,-1.5941612449387663,-1.3333084454160744,-1.6422970806730397,1.527807573283344,0.019486097424579307,0.39371718441354275,0.02366226482139666,-0.23903306990393247,0.07217410500366128,0.04319311054656794,-0.0197050138074365,1.3145040611561853e-13,1.3195000647669985e-13,-1.3145040611561853e-13,6.59472476627343e-14,-1.3200551762793111e-13,-1.4432899320127035e-14
7.050834665847978,1.189217386668568,-1.5935244559422963,-1.339741203643413,-1.6403547612778628,1.5289699682496325,0.01895580431601255,0.39371718441355696,0.02366226482139311,-0.23903306990395023,0.07217410500366483,0.04319311054656794,-0.019705013807437444,3.9523939676655573e-13,-6.605826996519681e-14,-3.9612757518625585e-13,1.318944953254686e-13,0.0,-2.270406085358445e-14
7.077746248542053,1.199812939234992,-1.5928876669458263,-1.3461739618707522,-1.6384124418826858,1.5301323632159207,0.018425511207445792,0.39371718441356407,0.02366226482139311,-0.2390330699039538,0.07217410500366839,0.04319311054656794,-0.01970501380743772,-6.572520305780927e-14,-6.600275881396556e-14,1.9806378759312793e-13,-6.616929226765933e-14,6.59472476627343e-14,1.2378986724570495e-14
7.104657831236128,1.2104084918014164,-1.5922508779493563,-1.352606720098091,-1.6364701224875087,1.5312947581822092,0.017895218098879034,0.3937171844135534,0.023662264821389556,-0.23903306990393958,0.07217410500366128,0.04319311054657149,-0.019705013807436778,-4.60964599824365e-13,6.605826996519681e-14,3.2951419370874646e-13,-1.318944953254686e-13,-6.59472476627343e-14,2.4702462297909733e-14
7.131569413930206,1.2210040443678407,-1.5916140889528863,-1.3590394783254298,-1.6345278030923316,1.5324571531484974,0.017364924990312273,0.3937171844135392,0.02366226482139666,-0.23903306990393602,0.07217410500366128,0.043193110546564384,-0.01970501380743639,6.572520305780927e-14,1.3195000647669985e-13,-1.971756091734278e-13,1.318944953254686e-13,0.0,-9.270362255620057e-15
7.158480996624283,1.2315995969342648,-1.5909772999564162,-1.3654722365527687,-1.6325854836971545,1.5336195481147858,0.016834631881745523,0.39371718441355696,0.02366226482139666,-0.23903306990395023,0.07217410500366839,0.04319311054657149,-0.019705013807437277,3.9612757518625585e-13,-5.551115123125783e-17,-3.304023721284466e-13,0.0,1.3200551762793111e-13,-2.5757174171303632e-14
7.185392579318358,1.2421951495006889,-1.590340510959946,-1.3719049947801076,-1.6306431643019774,1.5347819430810743,0.016304338773178766,0.3937171844135605,0.02366226482139666,-0.2390330699039538,0.07217410500366128,0.04319311054657149,-0.019705013807437777,-2.637889906509372e-13,-1.3200551762793111e-13,3.2951419370874646e-13,-2.6401103525586223e-13,0.0,1.4432899320127035e-14
7.212304162012433,1.252790702067113,-1.589703721963476,-1.3783377530074465,-1.6287008449068008,1.5359443380473627,0.015774045664612005,0.39371718441354275,0.023662264821389556,-0.23903306990393247,0.07217410500365418,0.04319311054657149,-0.0197050138074365,-3.2951419370874646e-13,-1.3206102877916237e-13,3.9612757518625585e-13,-2.220446049250313e-16,-6.605826996519681e-14,2.6867397195928788e-14
7.239215744706512,1.2633862546335373,-1.589066932967006,-1.3847705112347852,-1.6267585255116237,1.5371067330136512,0.015243752556045249,0.39371718441354275,0.023662264821389556,-0.23903306990393247,0.07217410500366128,0.04319311054656794,-0.019705013807436333,4.618527782440651e-13,1.3206102877916237e-13,-3.304023721284466e-13,2.6423307986078726e-13,-6.59472476627343e-14,-2.170486013142181e-14
7.2661273274005875,1.2739818071999613,-1.588430143970536,-1.3912032694621241,-1.6248162061164466,1.5382691279799394,0.014713459447478497,0.3937171844135676,0.02366226482139666,-0.23903306990395023,0.07217410500366839,0.04319311054656794,-0.019705013807437666,3.9523939676655573e-13,1.3200551762793111e-13,-1.9806378759312793e-13,6.616929226765933e-14,0.0,-2.0650148258027912e-14
7.293038910094663,1.2845773597663857,-1.5877933549740657,-1.397636027689463,-1.6228738867212695,1.5394315229462279,0.014183166338911738,0.39371718441356407,0.02366226482139666,-0.23903306990394313,0.07217410500366483,0.04319311054656794,-0.019705013807437444,-3.9523939676655573e-13,-1.3195000647669985e-13,1.971756091734278e-13,-2.637889906509372e-13,6.59472476627343e-14,2.2148949341271873e-14
7.319950492788739,1.29517291233281,-1.5871565659775957,-1.4040687859168017,-1.6209315673260924,1.540593917912516,0.01365287323034498,0.3937171844135463,0.023662264821389556,-0.23903306990393958,0.07217410500365418,0.04319311054657149,-0.019705013807436472,-3.9523939676655573e-13,-6.59472476627343e-14,6.572520305780927e-14,0.0,0.0,1.1823875212257917e-14
7.346862075482817,1.3057684648992343,-1.5865197769811257,-1.4105015441441409,-1.6189892479309156,1.5417563128788045,0.013122580121778223,0.39371718441354275,0.02366226482139311,-0.23903306990393958,0.07217410500366483,0.04319311054656794,-0.019705013807436805,1.3145040611561853e-13,1.3200551762793111e-13,-1.3233858453531866e-13,1.3167245072054357e-13,6.59472476627343e-14,-1.6486811915683575e-14
7.3737736581768925,1.3163640174656583,-1.5858829879846557,-1.4169343023714798,-1.6170469285357385,1.542918707845093,0.012592287013211466,0.3937171844135534,0.02366226482139666,-0.23903306990394668,0.07217410500366128,0.04319311054657504,-0.01970501380743736,2.646771690706373e-13,5.551115123125783e-17,-6.661338147750939e-14,2.220446049250313e-16,6.59472476627343e-14,-1.0325074129013956e-14
7.400685240870969,1.3269595700320824,-1.5852461989881854,-1.4233670605988185,-1.6151046091405616,1.5440811028113814,0.012061993904644712,0.39371718441355696,0.02366226482139311,-0.23903306990394313,0.07217410500366483,0.04319311054657149,-0.01970501380743736,-6.661338147750939e-14,-2.640665464070935e-13,6.572520305780927e-14,0.0,-1.9806378759312793e-13,1.0824674490095276e-14
7.427596823565044,1.3375551225985067,-1.5846094099917156,-1.4297998188261574,-1.6131622897453846,1.54524349777767,0.011531700796077954,0.39371718441354986,0.02366226482138245,-0.23903306990394313,0.07217410500366128,0.043193110546564384,-0.019705013807436778,-2.6290081223123707e-13,0.0,1.3145040611561853e-13,1.3211653993039363e-13,-1.3200551762793111e-13,9.769962616701378e-15
7.454508406259122,1.3481506751649308,-1.5839726209952456,-1.436232577053496,-1.6112199703502075,1.546405892743958,0.011001407687511195,0.39371718441354275,0.02366226482139311,-0.23903306990393602,0.07217410500367194,0.043193110546564384,-0.019705013807436833,1.305622276959184e-13,2.6401103525586223e-13,-1.971756091734278e-13,6.59472476627343e-14,1.3200551762793111e-13,-1.2323475573339238e-14
7.481419988953197,1.3587462277313551,-1.5833358319987756,-1.442665335280835,-1.6092776509550304,1.5475682877102463,0.010471114578944438,0.39371718441355696,0.02366226482139666,-0.2390330699039538,0.07217410500366483,0.04319311054657149,-0.019705013807437444,2.646771690706373e-13,6.605826996519681e-14,-2.646771690706373e-13,-6.59472476627343e-14,1.3200551762793111e-13,-1.1324274851176597e-14
7.508331571647274,1.3693417802977792,-1.5826990430023054,-1.449098093508174,-1.6073353315598533,1.5487306826765348,0.009940821470377679,0.39371718441355696,0.02366226482139666,-0.23903306990395023,0.07217410500366839,0.04319311054657149,-0.019705013807437444,-6.661338147750939e-14,-1.3206102877916237e-13,2.646771690706373e-13,-1.3233858453531866e-13,-6.59472476627343e-14,1.2878587085651816e-14
7.535243154341349,1.3799373328642035,-1.5820622540058353,-1.455530851735513,-1.6053930121646762,1.5498930776428232,0.009410528361810921,0.3937171844135534,0.023662264821389556,-0.23903306990393958,0.07217410500365773,0.04319311054656794,-0.01970501380743675,-3.2862601528904634e-13,-6.600275881396556e-14,3.2951419370874646e-13,-1.978417429882029e-13,-1.3200551762793111e-13,1.8041124150158794e-14
7.562154737035427,1.3905328854306278,-1.5814254650093653,-1.4619636099628517,-1.6034506927694991,1.5510554726091115,0.008880235253244164,0.3937171844135392,0.02366226482139311,-0.23903306990393247,0.07217410500365773,0.043193110546564384,-0.019705013807436472,6.572520305780927e-14,1.979527652906654e-13,-6.572520305780927e-14,1.3211653993039363e-13,6.59472476627343e-14,-1.0769163338864018e-14
7.589066319729503,1.401128437997052,-1.5807886760128953,-1.4683963681901906,-1.6015083733743225,1.5522178675754,0.008349942144677406,0.39371718441355696,0.023662264821400214,-0.23903306990394313,0.07217410500366483,0.04319311054657149,-0.019705013807437333,5.275779813018744e-13,6.59472476627343e-14,-3.2951419370874646e-13,1.978417429882029e-13,1.3200551762793111e-13,-2.0095036745715333e-14
7.6159779024235785,1.4117239905634762,-1.580151887016425,-1.4748291264175293,-1.5995660539791452,1.5533802625416884,0.007819649036110654,0.3937171844135676,0.02366226482139666,-0.23903306990395023,0.07217410500366839,0.04319311054657149,-0.019705013807437555,6.572520305780927e-14,-1.9800827644189667e-13,-1.3145040611561853e-13,-6.616929226765933e-14,-6.59472476627343e-14,0.0
7.642889485117654,1.4223195431299003,-1.579515098019955,-1.4812618846448684,-1.5976237345839683,1.5545426575079766,0.007289355927543901,0.3937171844135605,0.023662264821389556,-0.23903306990395023,0.07217410500366128,0.04319311054656794,-0.019705013807437333,-5.275779813018744e-13,-1.3195000647669985e-13,2.637889906509372e-13,-2.637889906509372e-13,0.0,2.0095036745715333e-14
7.66980106781173,1.4329150956963246,-1.578878309023485,-1.487694642872207,-1.5956814151887913,1.555705052474265,0.006759062818977143,0.3937171844135392,0.023662264821389556,-0.23903306990393602,0.07217410500365418,0.04319311054657149,-0.019705013807436472,-3.9523939676655573e-13,6.605826996519681e-14,1.971756091734278e-13,2.220446049250313e-16,-6.605826996519681e-14,9.71445146547012e-15
7.696712650505808,1.4435106482627487,-1.578241520027015,-1.494127401099546,-1.5937390957936144,1.5568674474405535,0.006228769710410385,0.3937171844135392,0.02366226482139311,-0.23903306990393958,0.07217410500366128,0.043193110546564384,-0.019705013807436805,5.266898028821743e-13,1.3200551762793111e-13,-2.637889906509372e-13,2.637889906509372e-13,0.0,-2.4202861936828413e-14
7.7236242331998834,1.4541062008291727,-1.577604731030545,-1.500560159326885,-1.5917967763984373,1.5580298424068417,0.005698476601843627,0.3937171844135676,0.02366226482139666,-0.23903306990395023,0.07217410500366839,0.04319311054657149,-0.019705013807437777,5.284661597215745e-13,6.600275881396556e-14,-6.661338147750939e-14,0.0,1.3200551762793111e-13,-1.1879386363489175e-14
7.750535815893959,1.464701753395597,-1.5769679420340748,-1.5069929175542238,-1.5898544570032602,1.5591922373731302,0.005168183493276869,0.3937171844135676,0.02366226482139666,-0.23903306990394313,0.07217410500366128,0.04319311054657149,-0.019705013807437444,-4.60964599824365e-13,-1.979527652906654e-13,2.637889906509372e-13,-1.978417429882029e-13,0.0,2.4480417692984702e-14
7.777447398588035,1.4752973059620214,-1.5763311530376047,-1.5134256757815625,-1.5879121376080834,1.5603546323394186,0.0046378903847101105,0.39371718441354275,0.023662264821386003,-0.23903306990393602,0.07217410500365773,0.04319311054657149,-0.01970501380743646,-4.618527782440651e-13,5.551115123125783e-17,0.0,6.616929226765933e-14,-1.3200551762793111e-13,1.2101430968414206e-14
7.804358981282113,1.4858928585284454,-1.575694364041135,-1.5198584340089014,-1.5859698182129063,1.561517027305707,0.004107597276143353,0.39371718441354275,0.02366226482139666,-0.23903306990394313,0.07217410500366483,0.043193110546564384,-0.01970501380743679,3.2862601528904634e-13,1.3200551762793111e-13,-2.637889906509372e-13,6.572520305780927e-14,-6.605826996519681e-14,-1.815214645262131e-14
7.831270563976188,1.4964884110948697,-1.5750575750446647,-1.5262911922362405,-1.5840274988177292,1.5626794222719953,0.0035773041675765953,0.3937171844135605,0.02366226482139311,-0.23903306990395023,0.07217410500366128,0.04319311054656794,-0.019705013807437437,3.304023721284466e-13,-6.59472476627343e-14,0.0,2.220446049250313e-16,1.3200551762793111e-13,-1.2101430968414206e-14
7.858182146670265,1.5070839636612938,-1.5744207860481947,-1.5327239504635792,-1.5820851794225523,1.5638418172382837,0.0030470110590098375,0.3937171844135605,0.02366226482139311,-0.23903306990394313,0.07217410500366483,0.04319311054657149,-0.019705013807437444,0.39793673741828606,0.023915858478354313,-0.24159483948948868,0.07294761064090327,0.043656020540479124,-0.019916196741557535
7.88509372936434,1.5176795162277181,-1.5737839970517247,-1.5391567086909181,-1.5801428600273753,1.5650042122045722,0.0025167179504430796,0.4151353992456457,0.02494949202767316,-0.2520364689067165,0.07610037631585698,0.04554281576030661,-0.02077696655856122,1.9662756437145426,0.11817247718757118,-1.1937627363015535,0.3604470172847485,0.21571210149355013,-0.09840944272304192
7.912005312058418,1.5294278649133692,-1.5730779254124387,-1.5462893510133915,-1.577989216282003,1.5662930757431928,0.0019287289516642598,0.4995483635839122,0.030022681605387902,-0.3032851590941199,0.09157450442864956,0.05480341866148564,-0.025001721518876044,2.6802209667306,0.16108034092831047,-1.627212301268501,0.4913236128466374,0.2940361383454604,-0.13414144275941803
7.938916894752493,1.5445667904202762,-1.5721680812942822,-1.5554804759686132,-1.575214030330174,1.5679539056710257,0.0011710461581440788,0.5593933756147855,0.03361934585823789,-0.3396181857195302,0.10254496838920701,0.06136877146456854,-0.027996883617607007,-0.9363217351021849,-0.05627260818465407,0.568458445857833,-0.1716414368021666,-0.10272004833042325,0.04686163939192334
7.9658284774465695,1.5595361870861202,-1.5712684258000693,-1.5645686767921976,-1.572469921488668,1.5695961372793978,0.0004218480543609665,0.4491525639789806,0.02699391170824228,-0.2726889261464187,0.08233621898818555,0.04927470051151772,-0.022479479751524353,-6.5542521457165694,-0.39390825729176876,3.979209121005857,-1.2014900576159095,-0.7190403383122606,0.32803147574353564
7.992740060140645,1.5687416031558294,-1.5707151835199362,-1.5701574571401096,-1.570782434398138,1.570606026026109,-3.887059836183045e-05,0.20662277838023968,0.012417956578264722,-0.12544455508559338,0.03787697030592696,0.022667744414835767,-0.010341191246143473,-8.34496746409935,-0.5015296204445003,5.0663858987089005,-1.529754305500351,-0.9154924307436394,0.41765436108059195
8.019651642834724,1.570657279059839,-1.5706000520693744,-1.5713204998276125,-1.57043126305149,1.570816187036014,-0.0001347475923906983,0.0,0.0,0.0,0.0,0.0,0.0,-7.010708991577925,-0.4213411537814189,4.256332613360906,-1.2851652580569919,-0.7691163618728674,0.35087652494706245
